Token,SentimentScore
a,0
abandon,-1
abandonment,-1
abate,-1
abatement,0
abdicate,-1
abhor,-1
abide,1
ability,1
abject,-1
able,1
abnormal,-1
aboard,0
abolish,-1
abolition,0
abominable,-1
abortive,0
abound,1
about,0
above,0
abrasive,-1
abroad,0
abrupt,-1
abscond,-1
absence,-1
absent,-1
absent-minded,-1
absentee,-1
absolute,0
absolve,1
absorb,0
absorbent,1
absorption,1
abstain,0
abstract,0
abstraction,0
absurd,-1
absurdity,-1
abundance,1
abundant,1
abuse,-1
abyss,-1
abyssinia,0
academic,0
academy,0
accede,1
accelerate,0
acceleration,0
accentuate,1
accept,1
acceptable,1
acceptance,1
access,0
accessible,1
accession,1
accident,-1
accidental,0
acclaim,1
acclamation,1
accolade,1
accommodate,1
accommodation,1
accompaniment,1
accompany,0
accomplish,1
accomplishment,1
accord,1
accordance,1
accost,-1
account,0
accountable,1
accrue,1
accumulate,0
accumulation,0
accuracy,1
accurate,1
accurateness,1
accursed,-1
accusation,-1
accuse,-1
accustom,0
ache,-1
achieve,1
achievement,1
acknowledge,0
acknowledgement,1
acknowledgment,0
acquaint,1
acquaintance,1
acquire,0
acquisition,0
acquit,1
acquittal,1
acre,0
acrimonious,-1
acrimony,-1
across,0
act,0
action,0
active,0
activity,0
actor,0
actual,1
actuality,1
acute,0
adamant,1
adapt,0
adaptability,1
adaptable,1
adaptation,1
adaptive,1
add,0
addict,-1
addiction,-1
addition,0
additional,0
address,0
aden,0
adept,1
adeptness,1
adequate,1
adhere,0
adherence,1
adherent,1
adhesion,1
adhesive,1
adjacent,0
adjoin,0
adjournment,0
adjudication,0
adjunct,1
adjust,1
adjustable,1
adjustment,1
administer,0
administration,0
administrative,0
administrator,0
admirable,1
admiral,0
admiration,1
admire,1
admirer,1
admissible,0
admission,0
admit,1
admittance,1
admonish,-1
admonition,-1
adolescent,0
adopt,0
adoption,0
adorable,1
adore,1
adorn,1
adornment,1
adroit,1
adroitly,1
adulation,1
adult,1
adulterate,-1
adulteration,-1
adultery,-1
advance,1
advancement,1
advantage,1
advantageous,1
advent,1
adventure,0
adventuresome,1
adventurous,1
adversary,-1
adverse,-1
adversity,-1
advice,0
advisable,1
advise,0
adviser,0
advisor,0
advisory,0
advocacy,1
advocate,0
aesthetic,0
affability,1
affable,1
affair,0
affect,0
affectation,-1
affection,1
affectionate,1
affiliate,1
affiliation,1
affinity,1
affirm,1
affirmance,0
affirmation,1
affirmative,1
affix,1
afflict,-1
affliction,-1
affluence,1
affluent,1
afford,0
afghanistan,0
afloat,1
afraid,-1
africa,0
african,0
after,0
afternoon,0
afterward,0
again,0
against,-1
age,0
agency,0
agent,0
aggravate,-1
aggravation,-1
aggregate,1
aggregation,1
aggression,-1
aggressive,-1
aggressiveness,-1
aggressor,-1
aggrieve,-1
aghast,-1
agile,1
agility,1
agitate,-1
agitation,-1
agitator,-1
ago,0
agonize,-1
agony,-1
agrarian,0
agree,0
agreeable,1
agreement,1
agricultural,0
agriculture,0
ahead,0
aid,1
aide,0
ail,-1
ailment,-1
aim,0
aimless,-1
ain't,0
air,0
aircraft,0
airplane,0
airport,0
akin,0
alabama,0
alarm,-1
alarming,-1
alas,-1
alaska,0
albania,0
album,0
alcoholic,0
alert,0
alertness,1
algeria,0
algiers,0
alibi,-1
alien,-1
alienate,-1
alienation,-1
alight,1
align,0
alike,0
alive,1
all,0
alledge,0
allegation,-1
allege,-1
allegiance,1
alleviate,1
alliance,1
allied,1
allies,1
allocation,0
allot,0
allotment,0
allow,1
allowable,1
allowance,1
allure,1
allusion,0
ally,1
almighty,1
almost,0
alone,0
along,0
alongside,0
aloof,-1
aloud,0
already,0
alright,0
also,0
alter,0
alteration,0
altercation,-1
alternate,0
alternative,0
although,0
altogether,0
altruistic,1
aluminium,0
aluminum,0
always,0
am,0
amateur,0
amaze,0
amazement,1
amazing,1
ambassador,0
ambiguity,-1
ambiguous,-1
ambition,0
ambitious,0
ambivalent,-1
ambulance,0
ambush,-1
ameliorate,1
amelioration,0
amen,0
amenable,1
amend,0
amendment,0
amenity,1
america,0
american,0
amiability,1
amiable,1
amicable,1
amid,0
amidst,0
amiss,-1
ammunition,0
amnesty,1
among,0
amount,0
amour,1
ample,1
amplify,1
amply,1
amputate,-1
amuse,1
amusement,1
an,0
analogous,0
analogy,0
analyse,0
analysis,0
analyst,0
analytic,0
analytical,0
analyze,0
anarchist,-1
anarchy,-1
ancestor,0
anchor,0
ancient,0
and,0
anecdote,0
anew,0
angel,1
angelic,1
anger,-1
angle,0
angola,0
angry,-1
anguish,-1
animal,0
animate,0
animation,0
animosity,-1
ankle,0
annals,0
annihilate,-1
annihilation,-1
anniversary,0
announce,0
announcement,0
annoy,-1
annoyance,-1
annual,0
annuity,0
anoint,1
anomalous,-1
anomaly,-1
anonymous,0
another,0
answer,0
answerable,0
ant,0
antagonise,0
antagonism,-1
antagonist,-1
antagonistic,-1
antagonize,-1
antarctica,0
anti-social,-1
anti-trust,0
anticipate,0
anticipation,0
antipathy,-1
antiquated,-1
antitrust,-1
anxiety,-1
anxious,-1
anxiousness,-1
any,0
anybody,0
anyhow,0
anymore,0
anyone,0
anything,0
anyway,0
anywhere,0
apart,0
apartment,0
apathetic,-1
apathy,-1
apocalypse,1
apologetic,0
apologize,0
apology,0
appall,-1
apparatus,0
apparent,0
appeal,1
appear,0
appearance,0
appease,1
appeasement,0
append,1
appertain,0
appetite,0
applaud,1
applause,1
applicable,0
applicant,0
application,0
apply,0
appoint,1
appointment,0
appraisal,0
appraise,0
appreciable,1
appreciate,1
appreciation,1
appreciative,1
apprehend,1
apprehension,-1
apprehensive,-1
approach,1
appropriate,1
appropriation,0
approval,1
approve,1
approximate,0
approximately,0
april,0
apt,1
aptitude,1
arab,0
arabia,0
arbiter,1
arbitrary,-1
arbitrate,1
arbitration,1
arbitrator,0
arch,0
architect,0
architecture,0
ardent,1
ardour,0
arduous,-1
are,0
area,0
arena,0
argentine,0
argue,-1
argument,-1
arid,0
arise,0
arisen,1
aristocracy,1
aristocrat,1
aristocratic,1
arizona,0
arkansas,0
arm,0
armament,0
armed,0
armistice,0
army,0
arose,0
around,0
arouse,0
arrange,0
arrangement,0
arrest,-1
arrest,1
arrival,0
arrive,0
arrogance,-1
arrogant,-1
arrow,0
arsenal,0
art,1
artery,0
article,0
articulate,0
artificial,-1
artist,0
artistic,0
as,0
ascend,0
ascendancy,0
ascendant,0
ascent,0
ascertain,0
ascertainment,0
ascribe,1
ash,0
ashamed,-1
asia,0
aside,0
ask,0
asleep,0
aspect,0
aspiration,1
aspire,1
ass,0
assail,-1
assailant,-1
assassin,-1
assassinate,-1
assassination,0
assault,-1
assemble,0
assembly,0
assent,1
assert,0
assertion,1
assertive,0
assess,0
assessment,0
assessor,0
asset,1
assign,0
assignment,0
assimilate,0
assist,1
assistance,1
assistant,1
associate,1
association,1
assume,0
assumption,0
assurance,1
assure,1
assuredly,1
assuredness,0
astonish,0
astound,1
astray,-1
astronomical,0
astronomy,0
astute,1
asunder,-1
at,0
ate,0
athletic,1
atlantic,0
atlantic-aliance,0
atlantic-community,0
atlantic-pact,0
atlas,0
atmosphere,0
atom,0
atomic,0
atop,0
atrocious,-1
atrophy,-1
attach,0
attachment,1
attack,-1
attacker,0
attain,1
attainable,0
attainment,1
attempt,0
attend,1
attendance,1
attendant,0
attention,0
attentive,1
attest,0
attic,0
attitude,0
attorney,0
attract,1
attraction,1
attractive,1
attractiveness,1
attribute,0
attune,1
auction,0
audacious,-1
audacity,-1
audible,1
audience,0
auditor,0
augment,1
augmentation,1
august,0
aunt,0
auspicious,1
austere,-1
australia,0
australian,0
austria,0
austrian,0
authentic,1
authenticity,1
author,0
authorise,0
authoritarian,0
authoritative,1
authority,1
authorize,0
auto,0
autocrat,-1
autocratic,-1
automatic,0
automobile,0
automotive,0
autonomous,1
autonomy,0
autumn,0
auxiliary,0
avail,0
availability,1
available,0
avarice,-1
avaricious,-1
avenge,-1
avenue,0
average,0
aversion,-1
avert,-1
avid,1
avoid,-1
avoidance,-1
avowal,0
await,0
awake,0
awaken,0
award,1
aware,1
awareness,1
away,0
awe,0
awful,-1
awhile,0
awkward,-1
awkwardness,-1
awoke,0
ax,-1
axe,0
axis,0
axle,0
babble,-1
baby,0
bachelor,0
back,1
backbone,1
backer,1
background,0
backing,1
backward,-1
backwardness,-1
bacon,0
bad,-1
badger,0
badly,-1
baffle,-1
bafflement,-1
bag,0
bail,-1
bait,-1
bake,0
baker,0
balance,0
bale,0
balk,-1
ball,1
ballet,0
ballistic,0
balloon,0
ballot,0
balmy,1
ban,0
banal,-1
band,0
bandit,-1
bandstand,0
bane,-1
banish,-1
banishment,-1
bank,0
banker,0
bankrupt,-1
bankruptcy,-1
banquet,0
banter,0
baptism,1
baptize,1
bar,-1
barbarian,-1
barbarous,-1
barber,0
bard,0
barely,0
bargain,1
bark,0
barn,0
barrel,0
barren,-1
barrier,-1
base,0
baseball,0
basement,0
bashful,-1
basic,1
basis,0
basket,0
bastard,-1
bat,0
bath,0
bathe,0
bathroom,0
battle,-1
battlefield,-1
battleship,0
bavaria,0
bay,0
be,0
beach,0
beacon,1
beam,0
bean,0
bear,0
beard,0
bearer,0
beastly,-1
beat,-1
beaten,0
beauteous,1
beautiful,0
beautify,1
beauty,1
beaver,0
became,0
because,0
beckon,0
become,0
bed,0
bedroom,0
beef,0
been,0
beep,0
beer,0
befit,1
befitting,1
before,0
befriend,1
beg,-1
began,0
beggar,-1
begin,0
beginner,0
begun,0
behalf,1
behave,0
behavior,0
behaviour,0
behead,-1
behind,0
being,0
belated,-1
belgian,0
belgium,0
belie,-1
belief,0
believe,0
believer,0
belittle,-1
belligerent,-1
belly,0
belong,0
beloved,1
below,0
belt,-1
bend,0
beneath,0
benefactor,1
beneficent,1
beneficial,1
beneficiary,1
benefit,1
benevolence,1
benevolent,1
benign,1
bent,0
bequeath,1
berate,0
bereave,-1
bereavement,-1
bereft,-1
berlin,0
berserk,-1
beseech,-1
beset,-1
beside,0
besiege,-1
best,1
bestow,1
bet,0
betray,-1
betrayal,-1
betroth,1
betrothal,1
better,1
betterment,0
between,0
beware,-1
bewilder,-1
bewilderment,-1
beyond,0
bible,0
biblical,0
bicep,0
bid,0
big,0
bigotry,0
bilateral,0
bill,0
billion,0
bin,0
biography,0
biological,0
bird,0
birth,0
birthday,0
birthplace,0
bishop,0
bit,-1
bitchy,-1
bite,-1
bitten,0
bitter,-1
bitterness,-1
bituminous,0
bizarre,-1
black,0
blackmail,-1
blade,0
blah,-1
blame,-1
blameless,1
bland,-1
blanket,0
blast,-1
blatant,-1
bleak,-1
bleed,0
blemish,-1
bless,1
blind,-1
blindness,-1
blink,0
bliss,1
blissful,1
blithe,1
blizzard,0
bloc,0
block,-1
blockade,0
blockhead,-1
blood,0
bloodshed,-1
bloodthirsty,-1
bloody,-1
bloom,1
blossom,1
blow,-1
blower,0
blown,0
blue,0
blunder,-1
blunt,-1
blur,-1
blurt,-1
board,1
boarder,0
boast,-1
boastful,-1
boat,0
boatswain,0
body,0
bogus,-1
boil,0
boisterous,-1
bold,0
boldness,1
bolivia,0
bolster,1
bolt,-1
bomb,-1
bombard,-1
bombardment,-1
bond,0
bondage,-1
bone,0
bonny,1
bonus,1
book,0
bookkeeping,0
boom,1
boost,1
boot,-1
border,0
bore,-1
boredom,-1
born,0
borne,0
borrow,0
bosom,0
boss,0
boston,0
both,0
bother,-1
bothersome,-1
bottle,0
bottom,0
bought,0
boulder,0
boulevard,0
bounce,0
bound,-1
boundary,0
boundless,1
bountiful,1
bounty,0
bourgeois,0
bourgeoisie,0
bout,-1
bow,0
bower,0
bowl,0
box,-1
boxer,0
boy,0
boycott,0
brace,0
brag,-1
brain,0
brainy,1
brake,0
branch,0
brand,0
brandish,-1
brandy,0
brass,0
brat,-1
bravado,-1
brave,1
bravery,1
brawl,-1
brazen,-1
brazil,0
breach,-1
bread,0
breadwinner,1
break,-1
breakdown,-1
breaker,0
breakfast,0
breast,0
breath,0
breathless,0
breed,0
breeze,0
bribe,-1
bride,0
bridge,0
brief,0
bright,1
brightness,1
brilliance,1
brilliant,1
bring,0
bristle,-1
britain,0
british,0
brittle,-1
broad,0
broadcast,0
broaden,0
broadness,0
broke,-1
broken,0
broken-hearted,-1
broker,0
bronze,0
brood,-1
brother,0
brotherhood,1
brotherly,1
brought,0
brown,0
bruise,-1
brush,0
brusque,-1
brutal,0
brutality,-1
brute,-1
brutish,-1
bubble,0
buckle,-1
buddy,0
budget,0
budgetary,0
buffalo,0
bug,-1
build,0
builder,0
built,0
bulgaria,0
bulk,0
bull,0
bullet,-1
bulletin,0
bum,-1
bunch,0
bundle,0
bungle,-1
bunk,0
buoyant,1
burden,-1
burdensome,-1
bureau,0
bureaucracy,0
bureaucratic,0
burglar,-1
burglary,-1
burial,0
burma,0
burmese,0
burn,-1
burnt,0
burst,0
burundi,0
bury,-1
bus,0
bush,0
business,0
businessman,0
businessmen,0
busy,0
busybody,-1
but,0
butcher,0
butchery,-1
butter,0
buy,1
buzzard,0
by,0
cabin,0
cabinet,0
cadillac,0
cafe,0
cage,0
cake,0
calamity,-1
calcium,0
calculate,0
calculation,0
calendar,0
california,0
call,1
caller,0
callous,-1
calm,1
calmness,1
cambodia,0
came,0
camel,0
camera,0
cameroon,0
cameroun,0
camp,0
campaign,0
campaigner,0
campus,0
can,0
can't,0
canada,0
cancel,-1
cancellation,-1
cancer,-1
candid,1
candidate,0
candle,0
candor,1
candy,0
cannery,0
cannibal,-1
cannon,-1
cannot,0
canoe,0
canvas,0
canyon,0
cap,0
capability,1
capable,1
capacity,0
capital,-1
capitalism,0
capitalize,1
capitol,0
capitulate,-1
capricious,-1
capsize,-1
captain,0
captivation,1
captive,-1
capture,-1
car,0
card,0
cardinal,0
care,1
careen,-1
career,0
carefree,1
careful,1
careless,-1
carelessness,-1
caress,1
carolina,0
carpenter,0
carriage,0
carrier,0
carry,0
cartel,0
case,0
casework,0
cash,0
cast,0
castle,0
castrate,0
casual,1
casualty,-1
cat,0
cataclysm,-1
catastrophe,-1
catch,-1
catcher,0
category,0
cathedral,0
catholic,0
cattle,0
caught,0
causal,0
cause,0
caution,0
cautious,0
cavalry,0
cave,-1
cease,0
ceaseless,1
ceiling,0
celebrate,1
celebration,1
celebrity,1
cell,0
cellar,0
cement,0
censor,-1
censorship,-1
censure,-1
census,0
cent,0
center,0
centimeter,0
centimetre,0
central,0
central-america,0
centre,0
century,0
cereal,0
ceremonial,1
ceremony,0
certain,0
certainty,0
certificate,0
certification,0
certify,0
cessation,0
ceylon,0
chad,0
chafe,-1
chain,0
chair,0
chairman,0
chairmen,0
challenge,-1
chamber,0
champ,1
champion,1
championship,1
chance,0
chancellor,0
change,0
changeable,0
channel,0
chaos,-1
chaotic,-1
chapel,0
chapter,0
character,0
characterise,0
characteristic,0
characterize,0
charge,-1
charisma,1
charitable,1
charity,1
charm,1
chart,0
charter,0
chase,-1
chaste,1
chastise,-1
chat,0
chatter,0
cheap,-1
cheapen,-1
chearful,0
cheat,0
cheater,-1
check,0
checker,0
cheek,0
cheer,1
cheerful,1
cheerfulness,0
cheery,1
chemical,0
chemistry,0
cheque,0
cherish,1
cherub,1
chest,0
chic,1
chicago,0
chicken,0
chide,-1
chief,0
child,0
childhood,0
childish,-1
childlike,0
children,0
chile,0
chill,0
chilly,0
chin,0
china,0
chinese,0
chip,0
chivalrous,1
chivalry,1
choice,0
choke,-1
choose,0
chore,-1
chose,0
chosen,1
christ,0
christendom,0
christian,0
christianity,0
christmas,0
chronic,-1
chuckle,0
chum,1
church,0
cigarette,0
circle,-1
circular,0
circulate,0
circulation,0
circumstance,0
cite,0
citizen,0
citizenship,0
city,0
civic,0
civil,1
civilian,0
civilisation,0
civilise,0
civility,1
civilization,1
civilize,1
claim,0
clamor,-1
clamorous,-1
clandestine,0
clarification,0
clarify,1
clarity,1
clash,-1
class,0
classic,1
classical,0
classification,0
classify,0
classroom,0
clatter,-1
clay,0
clean,1
cleanliness,1
cleanse,1
clear,1
clearance,0
clearness,1
clergyman,0
clerk,0
clever,1
click,0
client,0
cliff,0
climate,0
climax,0
climb,0
cling,0
clinic,0
clinical,0
clique,-1
clock,0
clog,-1
close,-1
closeness,1
closet,0
cloth,0
clothe,0
cloud,0
clout,1
club,-1
clue,0
clumsy,-1
clung,0
cluster,0
clutter,-1
co,0
co-operation,1
co-ordinate,0
co-ordination,0
co.,0
coach,0
coachman,0
coal,0
coalition,0
coarse,-1
coarseness,-1
coast,0
coat,0
coax,1
cockiness,-1
cockpit,0
cocktail,0
cocky,-1
cocoa,0
coddle,1
code,0
coerce,-1
coercion,-1
coercive,-1
coexistence,1
coffee,0
coffin,0
cogent,1
cognizance,1
cognizant,1
coherent,1
cohesion,1
cohesive,0
cohesiveness,0
cohort,1
coin,0
coincide,0
coincidence,0
coincident,1
cold,-1
collaborate,1
collaboration,1
collapse,-1
collar,0
collateral,0
colleague,1
collect,0
collection,0
collective,0
collectivism,0
collectivity,0
college,0
collide,-1
collision,-1
collusion,-1
colonel,0
colonial,0
colony,-1
color,0
colorado,0
colorful,0
colossal,1
columbia,0
column,0
combat,-1
combatant,-1
combination,0
combine,0
combustion,0
come,0
comeback,1
comedy,1
comely,1
comer,0
comestible,1
comfort,1
comfortable,1
comforter,0
comic,1
comical,1
command,0
commander,0
commemorate,1
commemoration,1
commence,0
commencement,1
commend,1
commendable,1
commendation,1
commensurate,1
comment,0
commerce,0
commercial,0
commiseration,-1
commission,1
commissioner,0
commit,-1
commitment,1
committee,0
commodious,1
commodity,0
common,1
common-market,0
commoner,-1
commonplace,-1
commonsense,1
commonwealth,0
commotion,-1
communal,1
commune,1
communicate,1
communication,0
communicative,1
communion,1
communique,0
communism,0
communist,0
community,1
commuter,0
companion,1
companionship,1
company,1
comparable,0
comparative,0
comparatively,0
compare,0
comparison,0
compartment,0
compass,0
compassion,1
compassionate,1
compatible,1
compatriot,0
compel,-1
compensate,1
compensation,1
compete,-1
competence,1
competency,1
competent,1
competition,-1
competitive,-1
competitor,-1
compile,0
complain,-1
complaint,-1
complement,1
complementary,1
complete,1
completeness,1
completion,1
complex,-1
complexity,-1
compliance,1
complicate,-1
complication,-1
complicity,-1
compliment,1
comply,0
component,0
compose,0
composer,0
composite,0
composition,0
composure,1
compound,0
comprehend,1
comprehension,1
comprehensive,1
compress,0
compression,0
comprise,0
compromise,1
compulsion,-1
compulsive,0
compulsory,0
compute,0
computer,0
conceal,-1
concede,0
conceit,-1
conceivable,0
conceive,0
concentrate,0
concentration,0
concept,0
conception,0
concern,-1
concert,0
concession,1
conciliation,0
conciliatory,0
conclude,0
conclusion,0
conclusive,1
concrete,0
concur,1
concurred,0
concurrent,0
condemn,-1
condemnation,-1
condensation,0
condense,0
condescending,-1
condescension,-1
condition,0
condone,1
conducive,1
conduct,0
conductor,0
confederacy,0
confederate,0
confederation,1
confer,1
conference,0
confess,-1
confession,-1
confidant,1
confide,1
confidence,1
confident,1
configuration,0
confine,-1
confinement,-1
confirm,0
confirmation,0
confiscate,-1
confiscation,-1
conflict,-1
conform,0
conformist,0
conformity,0
confound,-1
confront,-1
confrontation,-1
confuse,-1
confusion,-1
congenial,1
congested,-1
congestion,-1
congo,0
congratulate,1
congratulation,1
congratulatory,1
congregate,1
congregation,0
congregational,0
congress,0
congressional,0
congressman,0
congressmen,0
conjunction,1
conjure,1
connect,1
connecticut,0
connection,0
conquer,1
conqueror,1
conquest,1
conscience,1
conscientious,1
conscious,0
consciousness,0
consecrate,0
consensus,1
consent,1
consequence,0
consequent,0
conservation,0
conservatism,0
conservative,0
conserve,1
consider,1
considerable,0
considerate,1
consideration,1
consign,1
consist,0
consistency,1
consistent,1
consolation,0
console,1
consolidate,1
consolidation,0
conspicuous,0
conspiracy,-1
conspirator,-1
conspire,-1
constable,0
constancy,1
constant,0
consternation,-1
constituent,0
constitute,0
constitution,0
constitutional,0
constrain,-1
constraint,-1
construct,0
construction,0
constructive,1
construe,0
consult,1
consultant,0
consultation,1
consume,0
consumer,0
consummate,1
consumption,0
consumptive,-1
contact,1
contagious,-1
contain,0
contaminate,-1
contamination,-1
contemplate,0
contemplation,0
contemporaneous,0
contempt,-1
contemptible,-1
contemptuous,-1
contend,-1
content,1
contention,0
contentment,1
contest,0
context,0
continent,0
continental,0
contingency,0
contingent,0
continual,0
continuation,0
continue,0
continuity,1
continuous,0
continuum,0
contract,0
contractual,0
contradict,-1
contradiction,-1
contradictory,-1
contrary,-1
contrast,0
contribute,1
contribution,1
contributor,1
contrive,0
control,0
controller,0
controversial,-1
controversy,-1
convene,1
convenience,0
convenient,0
convent,0
convention,0
conventional,0
conversation,0
converse,0
conversion,0
convert,0
convey,0
convict,-1
conviction,1
convince,1
convinced,0
convulse,0
cook,0
cookie,0
cooky,0
cool,-1
coolness,-1
cooperate,1
cooperation,1
cooperative,1
coordinate,1
coordination,1
cop,0
cope,0
copper,0
copy,0
copyright,0
cord,0
cordial,1
core,0
corn,0
corner,0
corp,0
corporal,0
corporate,0
corporation,0
corps,0
corpus,0
correct,1
correction,1
corrective,0
correlate,0
correlation,0
correspond,0
correspondence,0
correspondent,0
corrode,-1
corrosion,-1
corrosive,-1
corrupt,-1
corruption,-1
corsica,0
cosmic,0
cost,-1
costa,0
costa-rica,0
costliness,-1
costly,-1
costume,0
cottage,0
cotton,0
could,0
council,1
counsel,1
counselor,0
count,0
counteract,-1
counteraction,-1
counterbalance,0
counterfeit,-1
counterpart,0
countless,0
country,0
county,0
coup,0
couple,0
courage,1
courageous,1
course,0
court,0
courteous,1
courtesy,1
courtly,1
cousin,0
covenant,1
cover,0
coverage,0
covert,-1
covet,-1
cow,0
coward,-1
coyote,0
cozy,1
crack,0
craft,0
crafty,-1
cram,-1
cramp,-1
cranky,-1
crash,0
crass,-1
crave,-1
crawl,-1
craze,-1
craziness,-1
crazy,-1
cream,0
create,1
creation,0
creative,1
creativity,1
creator,0
creature,0
credentials,1
credibility,1
credible,1
credit,1
creditable,0
credo,0
credulity,0
credulous,-1
creek,0
creep,0
crept,0
crest,0
crete,0
crew,0
crime,-1
criminal,-1
cringe,-1
cripple,-1
crisis,-1
crisp,0
criteria,0
criterion,0
critic,-1
critical,0
criticise,0
criticism,0
criticize,-1
croak,-1
crook,-1
crooked,-1
crop,0
cross,-1
cross-sectional,0
crossroad,0
crouch,0
crowd,0
crown,0
crucial,0
crucifix,0
crude,-1
cruel,-1
cruelty,-1
crumble,-1
crumple,-1
crusade,1
crusader,1
crush,-1
crushing,-1
crutch,0
cry,0
cuba,0
cuban,0
cubic,0
cubism,0
cuddle,1
culminate,1
culmination,1
culpable,-1
culprit,-1
cult,0
cultivate,1
cultivation,1
cultural,0
culture,1
cumbersome,-1
cumulative,0
cup,0
cupid,1
curb,0
cure,1
curiosity,0
curious,0
curl,0
currency,0
current,0
curse,-1
cursory,-1
curt,-1
curtail,-1
curtain,0
curtsey,1
curve,0
custom,0
customary,0
customer,0
cut,-1
cute,1
cycle,0
cylinder,0
cynical,-1
cynicism,-1
cyprus,0
czech,0
czechoslovakia,0
dad,0
daddy,0
dagger,0
dahomey,0
daily,0
dairy,0
dakota,0
damage,-1
damn,-1
damnable,-1
damned,-1
damp,0
dance,1
dancer,0
danger,-1
dangerous,-1
danish,0
dare,1
daring,1
dark,-1
darken,-1
darkness,-1
darling,1
darn,-1
dash,0
data,0
date,0
daughter,0
daunting,-1
dauntless,1
dawdle,-1
dawn,1
day,0
daylight,0
daytime,0
daze,-1
dazzle,1
dead,-1
deadlock,-1
deadly,-1
deadweight,-1
deaf,-1
deafness,-1
deal,1
deal,-1
dealer,0
dealt,0
dean,0
dear,1
dearth,-1
death,-1
debatable,-1
debate,0
debt,0
debtor,-1
debut,0
decade,0
decadence,-1
decadent,-1
decay,-1
decease,-1
deceit,-1
deceitful,-1
deceive,-1
december,0
decency,1
decent,1
decentralize,0
deception,-1
deceptive,-1
decide,0
decimal,0
decipher,1
decision,0
decisive,0
deck,0
declaration,0
declare,0
decline,-1
decompose,-1
decorate,1
decoration,1
decorative,1
decrease,-1
decree,0
dedicate,1
dedication,1
deduce,1
deduct,0
deem,0
deep,0
deepen,0
deer,0
defame,-1
default,-1
defeat,-1
defecate,0
defect,-1
defective,-1
defence,0
defend,1
defendant,-1
defender,1
defense,1
defense-community,0
defensive,-1
defer,0
deference,1
defiance,-1
defiant,-1
deficiency,-1
deficient,-1
deficit,-1
defile,-1
define,0
definite,0
definitely,0
definition,0
definitive,1
defray,0
defy,-1
degenerate,-1
degrade,-1
degree,0
deject,0
dejected,-1
delay,-1
delegate,0
delegation,0
deleware,0
deliberate,0
deliberation,0
delicacy,1
delicate,1
delight,1
delightful,1
delinquency,-1
delinquent,-1
delirium,-1
deliver,0
delivery,0
delude,0
deluge,-1
delusion,-1
demand,0
demean,-1
demise,-1
demo,0
demobilization,0
demobilize,0
democracy,0
democrat,0
democratic,0
democratization,0
demolish,-1
demon,-1
demonstrate,0
demonstration,0
demoralise,0
demoralize,-1
denial,-1
denmark,0
denominational,0
denote,0
denounce,-1
dense,0
density,0
dent,-1
dentist,0
denunciation,0
deny,-1
depart,0
department,0
departure,0
depend,0
dependability,1
dependable,1
dependence,0
dependency,0
dependent,-1
depict,0
deplete,-1
deplorable,-1
deplore,-1
deploy,0
depose,-1
deposition,0
depraved,-1
depreciate,-1
depreciation,-1
depress,-1
depression,-1
deprivation,0
deprive,-1
depth,0
deputy,0
derby,0
deride,-1
derision,-1
derisive,-1
derive,0
derogatory,-1
descend,0
descendant,0
describe,0
description,0
descriptive,0
descry,1
desegregation,0
desert,-1
desertion,-1
deserve,1
deservedly,1
design,0
designate,0
designer,0
desirable,1
desire,-1
desirous,1
desk,0
desolate,-1
desolation,-1
despair,-1
desperate,-1
desperation,-1
despicable,-1
despise,-1
despite,0
despondent,0
despot,0
despotism,0
dessert,0
destination,0
destine,0
destiny,0
destitute,-1
destroy,-1
destroyer,0
destruct,0
destruction,-1
destructive,-1
detach,0
detachment,-1
detail,0
detain,-1
detect,0
detection,0
detective,0
deter,-1
determination,0
determine,0
deterministic,0
deterred,0
deterrent,-1
detest,-1
detestable,-1
detract,-1
detrimental,-1
devastate,-1
devastation,-1
develop,0
development,0
deviant,0
deviate,-1
deviation,-1
device,0
devil,-1
devilish,-1
devious,-1
devise,0
devoid,-1
devolve,0
devote,1
devotion,1
devout,1
dexterity,1
diabolic,-1
diabolical,-1
diagnosis,0
dialect,0
dialogue,0
diameter,0
dice,0
dictate,-1
dictator,0
dictatorial,-1
dictatorship,0
diction,0
dictionary,0
did,0
die,0
diet,0
differ,-1
difference,0
different,0
differential,0
differentiate,0
difficult,-1
difficulty,-1
dig,1
digital,0
dignified,1
dignify,1
dignity,1
dilemma,-1
diligence,0
diligent,1
dim,-1
dimension,0
diminish,0
din,-1
ding,0
dinner,0
dip,0
diplomacy,0
diplomatic,0
dipper,0
dire,-1
direct,0
direction,0
director,0
dirt,-1
dirty,-1
disability,0
disable,-1
disadvantage,-1
disadvantageous,-1
disagree,0
disagreeable,-1
disagreement,-1
disappear,0
disappearance,0
disappoint,-1
disappointment,-1
disapproval,-1
disapprove,-1
disarm,-1
disarmament,0
disaster,-1
disastrous,-1
disavow,-1
disavowal,-1
disbelief,-1
disc,0
discard,0
discern,1
discernible,0
discharge,-1
disciple,0
discipline,0
disclaim,-1
disclose,0
disclosure,0
discomfort,-1
disconcerted,-1
discontent,-1
discontinue,0
discord,-1
discordant,-1
discount,0
discourage,-1
discouragement,-1
discourse,0
discover,0
discovery,0
discredit,-1
discreet,1
discrepancy,0
discrepant,-1
discretion,1
discriminate,-1
discrimination,0
discriminatory,0
discuss,1
discussion,0
disdain,-1
disease,-1
diseased,-1
disgrace,-1
disguise,-1
disgust,-1
dish,0
dishearten,-1
dishonest,-1
dishonor,-1
disillusion,0
disingenuous,-1
disinterest,-1
dislike,-1
dismal,-1
dismay,0
dismiss,-1
disobedience,-1
disobedient,-1
disorder,-1
disorganized,-1
dispel,-1
dispensability,-1
dispense,-1
disperse,0
displace,-1
displacement,0
display,0
displease,-1
displeasure,-1
disposal,-1
dispose,-1
disposition,0
disproportionate,-1
disprove,-1
disputable,-1
dispute,-1
disregard,-1
disrupt,-1
disruption,-1
disruptive,0
dissatisfaction,-1
dissatisfied,-1
dissatisfy,-1
dissemination,0
dissension,0
dissent,-1
dissention,-1
dissimilar,0
dissolution,-1
dissolve,0
distance,0
distant,0
distinct,1
distinction,1
distinctive,1
distingiush,0
distinguish,1
distinguished,1
distort,-1
distortion,-1
distract,-1
distracting,-1
distraction,-1
distress,-1
distribute,0
distribution,0
distributor,0
district,0
distrust,0
distrustful,-1
disturb,-1
disturbance,-1
disunion,0
disunity,0
ditch,0
diurnal,0
dive,0
diver,0
diversion,-1
diversity,0
divert,-1
divide,-1
divine,1
divinity,1
division,-1
divorce,-1
dizzy,-1
do,0
doctor,0
doctrine,0
document,0
doer,0
dog,0
dogma,0
dogmatism,0
doldrums,-1
doll,0
dollar,0
dolly,0
domain,0
domestic,0
dominance,1
dominant,0
dominate,-1
domination,-1
dominican,0
dominican-republic,0
dominion,0
don't,0
donate,1
donation,1
done,0
doom,-1
doomsday,-1
door,0
doorway,0
dope,-1
dote,1
double,-1
doubt,-1
doubtful,-1
doubtless,1
down,0
downcast,-1
downfall,-1
downhearted,-1
downtown,0
dozen,0
dr,0
dr.,0
drab,-1
draft,0
drag,-1
drain,0
drama,0
dramatic,0
drank,0
drastic,0
draw,0
drawn,0
dread,-1
dreadful,-1
dream,0
dreamer,0
dreamland,1
dreamt,0
dreary,-1
dress,0
dresser,0
drew,0
drift,0
drifter,0
drill,0
drink,0
drinker,0
drip,0
drive,-1
drive-in,0
driven,0
driver,0
driveway,0
drizzle,0
droop,-1
drop,-1
drought,-1
drove,0
drown,-1
drowsiness,-1
drowsy,-1
drug,0
drum,0
drunk,-1
drunkard,-1
drunken,-1
dry,0
dryer,0
dual,0
dubious,-1
duct,0
due,0
dug,0
dull,-1
dumb,-1
dump,-1
dunce,-1
dungeon,-1
duplication,0
durability,1
durable,1
duration,0
during,0
dusk,0
dust,0
dusty,0
duty,-1
dwell,0
dwelling,0
dwindle,-1
dying,-1
dynamic,1
dynamism,0
dynasty,0
each,0
eager,1
eagerness,1
eagle,0
ear,0
earliest,0
early,0
earn,0
earner,0
earnest,1
earnestness,1
earth,0
earthquake,0
ease,1
easiest,0
east,0
east-germany,0
east-west,0
easter,0
eastern,0
eastern-europe,0
easterner,0
easy,1
eat,0
eaten,0
eater,0
eccentric,-1
eccentricity,-1
ecclesiastical,0
echo,0
economic,0
economical,0
economics,0
economist,0
economize,1
economy,0
ecsc,0
ecstasy,1
ecstatic,1
ecuador,0
ecumenical,0
edc,0
edge,-1
edible,1
edinburgh,0
edition,0
editor,0
editorial,0
educate,0
educated,1
education,1
educational,1
educator,0
eec,0
effect,0
effective,1
effectiveness,1
efficacy,1
efficiency,1
efficient,1
effort,0
efta,0
egg,0
ego,0
egotistical,-1
egypt,0
eight,0
eighteen,0
eighteenth,0
eighth,0
eighty,0
either,0
el-salvador,0
elaborate,1
elaboration,1
elapse,0
elastic,0
elasticity,0
elate,1
elder,0
elderly,0
eldest,0
elect,0
election,0
elector,0
electoral,0
electric,0
electrical,0
electricity,0
electron,0
electronic,0
electronics,0
elegance,1
elegant,1
element,0
elemental,0
elementary,0
elephant,0
elevate,0
elevator,0
eleven,0
eligible,0
eliminate,-1
elimination,-1
elite,0
elitism,0
elongated,0
eloquent,1
else,0
elsewhere,0
emancipation,0
emasculate,0
embark,0
embarrass,-1
embarrassed,0
embarrassment,-1
embassy,0
embellish,1
embitter,0
embody,0
embrace,1
emerge,0
emergency,-1
eminence,1
eminent,1
emissary,0
emotion,0
emotional,0
empathy,1
emperor,0
emphasis,0
emphasise,0
emphasize,0
emphatic,0
empire,0
empirical,0
employ,0
employee,0
employer,0
employment,0
empower,1
empowerment,1
empty,-1
enable,1
enact,0
enactment,0
enchant,1
enchantment,1
enclose,0
encompass,0
encounter,0
encourage,1
encouragement,1
encroach,-1
encroachment,-1
end,0
endanger,-1
endear,1
endeavor,0
endless,0
endorse,1
endow,1
endowment,0
endurance,1
endure,0
enemy,-1
energetic,1
energize,1
energy,0
enforce,-1
enforcement,0
enfranchisement,0
engage,1
engagement,0
engine,0
engineer,0
england,0
english,0
engulf,-1
enhance,1
enhancement,1
enjoy,1
enjoyable,1
enjoyment,1
enlarge,0
enlighten,1
enlightenment,1
enlist,0
enlistment,0
enormous,0
enough,0
enrage,-1
enrich,1
enrichment,1
enroll,0
enrollment,0
enrolment,0
ensemble,1
enslave,-1
ensure,1
entail,0
entangle,-1
entanglement,-1
enter,0
enterprise,0
entertain,1
entertainment,1
enthusiasm,1
enthusiastic,1
entire,0
entitle,0
entity,0
entrance,0
entreat,-1
entrepreneurial,1
entropy,0
entrust,1
entry,0
enunciate,0
envious,-1
environment,0
environmental,0
envisage,0
envision,1
envoy,0
envy,-1
epidemic,-1
epithet,-1
equal,0
equality,1
equalization,0
equate,0
equation,0
equilibrium,0
equip,0
equipment,0
equitable,1
equity,1
equivalent,0
equivocal,-1
era,0
eradicate,-1
erase,-1
erect,0
erode,-1
erosion,-1
err,-1
erroneous,-1
error,-1
escape,0
escort,0
esoteric,-1
especially,0
esplanade,0
essay,0
essence,0
essential,1
establish,1
establishment,0
estate,0
esteem,1
estimate,0
estrange,0
estranged,-1
estrangement,0
etc,0
etc.,0
eternal,0
ethical,1
ethics,1
ethiopia,0
ethnic,0
ethos,0
etiquette,1
etrans,0
euratom,0
europe,0
european,0
evacuate,0
evacuation,0
evade,-1
evaluate,0
evaluation,0
evangelism,0
evasion,-1
even,1
evening,0
event,0
eventual,0
ever,0
everlasting,1
every,0
everybody,0
everyday,0
everyone,0
everything,0
everywhere,0
evict,-1
evidence,0
evident,0
evidently,0
evil,-1
evoke,0
evolution,0
evolutionary,0
evolve,0
exact,1
exaggerate,0
exaggeration,-1
exalt,1
exam,0
examination,0
examine,0
examiner,0
example,0
exasperate,-1
exasperation,-1
exceed,0
excel,1
excellence,1
excellent,1
except,0
exception,-1
exceptional,0
excerpt,0
excess,-1
excessive,-1
exchange,0
exchequer,0
excite,1
excited,1
excitedness,1
excitement,1
exclaim,0
exclamation,0
exclude,-1
exclusion,-1
exclusive,0
exclusiveness,0
excommunication,-1
excuse,0
execute,-1
execution,0
executive,0
exemplary,0
exempt,-1
exercise,0
exert,0
exertion,1
exhaust,-1
exhaustion,-1
exhibit,0
exhibition,0
exhilaration,1
exigency,0
exile,-1
exist,0
existence,0
exit,-1
exotic,1
expand,0
expanse,0
expansion,0
expect,0
expectation,0
expediency,0
expedient,-1
expedite,0
expedition,0
expel,-1
expell,0
expend,0
expenditure,0
expense,-1
expensive,-1
experience,1
experiencer,0
experiential,0
experiment,0
experimental,0
experimenter,0
expert,1
expiration,0
expire,0
explain,0
explanation,0
explicit,0
explode,-1
exploit,-1
exploration,0
exploratory,0
explore,0
explorer,0
explosion,-1
explosive,-1
export,0
exportation,0
exporter,0
expose,-1
express,0
expression,0
expressive,0
expulsion,0
exquisite,1
extend,0
extension,0
extensive,0
extent,0
exterminate,-1
extermination,-1
external,0
extinct,-1
extinguish,-1
extol,1
extra,0
extraordinary,1
extrapolate,0
extrapolation,0
extravagance,1
extravagant,-1
extreme,0
exuberance,1
exuberant,1
exult,1
exultation,1
eye,1
eyebrow,0
eyelid,0
fabric,0
fabricate,-1
fabrication,-1
fabulous,1
face,0
facial,0
facilitate,1
facility,0
fact,0
faction,0
factor,0
factory,0
factual,1
faculty,0
fade,0
fail,-1
failure,-1
faint,-1
fair,1
fairness,1
faith,1
faithful,1
faithfulness,1
fake,-1
fall,-1
fallacy,-1
fallen,0
fallout,-1
FALSE,-1
falsehood,-1
falter,-1
fame,1
familiar,1
familiarity,1
familiarize,1
family,0
famine,-1
famished,-1
famous,1
fan,0
fanatic,-1
fanatical,-1
fancy,1
fantastic,1
fantasy,1
far,0
far-reaching,0
farce,-1
fare,0
farewell,0
farm,0
farmer,0
farsighted,1
farther,0
fascinate,0
fascination,1
fascist,-1
fashion,0
fashionable,1
fast,0
fasten,0
fat,-1
fatal,-1
fatalistic,-1
fate,0
father,0
fathom,0
fatigue,-1
fault,-1
favor,1
favorable,1
favorite,1
favour,0
favourable,0
favourite,0
fear,-1
fearful,-1
fearless,1
fearsome,-1
feasible,1
feast,1
feather,0
feature,0
february,0
fed,-1
federal,0
federate,0
federation,0
fee,0
feeble,-1
feed,0
feel,0
feeler,0
feet,0
feign,-1
feint,-1
fell,0
fellow,1
fellowship,1
felt,0
female,0
feminine,0
fence,0
ferocious,-1
ferocity,-1
fertile,1
fertiliser,0
fertilizer,0
fervent,1
fervently,0
fervor,1
festival,1
festive,1
festivity,1
fetch,0
feud,-1
feudal,-1
feudalism,0
fever,-1
feverish,-1
few,0
fiasco,-1
fiber,0
fiberglas,0
fibre,0
fibreglass,0
fickle,-1
fiction,0
fidelity,1
fidget,-1
field,0
fiend,-1
fierce,-1
fiery,1
fifteen,0
fifteenth,0
fifth,0
fiftieth,0
fifty,0
fig,0
fight,-1
fighter,-1
figure,0
file,0
filial,1
fill,1
filly,0
film,0
filth,-1
filthy,-1
final,0
finance,0
financial,0
find,0
fine,1
fine,-1
finger,0
finish,0
fire,-1
firm,0
firmness,1
first,0
fiscal,0
fish,0
fission,0
fist,-1
fit,1
fitness,1
five,0
fix,-1
fixate,0
flag,0
flagrant,-1
flair,1
flame,0
flash,0
flashlight,0
flashy,1
flat,0
flatness,0
flatter,1
flattery,1
flaunt,1
flavor,0
flavour,0
flaw,-1
flawless,1
fled,-1
flee,-1
fleet,0
fleeting,-1
flesh,0
flew,0
flexible,1
flight,0
flimsy,-1
flint,0
flirt,1
float,0
flood,0
floor,-1
florida,0
flounder,-1
flourish,1
flow,0
flower,0
flown,0
flu,0
fluctuate,0
fluent,1
fluid,0
flung,0
flux,0
fly,0
flyer,0
foam,0
focal,0
focus,0
foe,-1
fog,0
foggy,0
foible,-1
fold,0
folder,0
folk,0
folklore,0
folksy,0
folktales,0
follow,0
follower,0
fond,1
fondness,1
food,0
fool,-1
foolish,-1
foolishness,-1
foot,0
football,0
for,0
forbid,-1
forbidden,-1
force,-1
forceful,0
foreboding,-1
forecast,0
foregoing,0
forehead,0
foreign,-1
foremost,1
forerunner,0
foresee,0
foreseeable,0
foresight,1
forest,0
forestry,0
forever,0
forfeit,-1
forgave,1
forget,0
forgetfulness,-1
forgive,1
forgiven,1
forgiveness,1
forgot,0
forgotten,0
fork,0
forlorn,-1
form,0
formal,0
formality,1
formation,0
former,0
formidable,-1
formula,0
formulate,0
forsake,-1
fort,0
forth,0
forthcoming,0
forthwith,0
fortification,0
fortify,1
fortitude,1
fortunate,1
fortune,0
forty,0
forum,0
forward,1
forwardness,0
fossilize,0
foster,1
fought,-1
found,0
foundation,0
founder,-1
four,0
fourteen,0
fourth,0
fox,0
fraction,0
fracture,-1
fragile,-1
fragrant,1
frail,0
frame,0
framework,0
france,0
franchise,0
francisco,0
frank,1
frantic,-1
frantically,-1
fraternal,0
fraternity,0
fraud,-1
fraudulent,-1
fraught,-1
freak,-1
free,1
freedom,1
freeze,0
freight,0
french,0
frequency,0
frequent,0
fresh,1
freshman,0
freshmen,0
fret,-1
fretful,-1
friction,0
friday,0
friend,1
friendliness,0
friendly,1
friendship,1
fright,0
frighten,-1
frightful,-1
frigid,-1
fringe,0
frivolous,-1
frog,0
frolic,1
from,0
front,-1
frontier,0
frown,-1
frozen,0
frugal,1
frugality,0
fruit,0
fruitful,1
fruition,1
fruitless,-1
frustrate,-1
frustration,-1
fry,0
fuck,0
fuel,0
fugitive,-1
fulfil,0
fulfill,1
fulfillment,1
fulfilment,0
full,0
full-time,0
fullest,0
fullness,1
fumble,-1
fume,0
fun,1
fun,-1
function,0
functional,0
fund,0
fundamental,0
funeral,0
funny,1
fur,0
furious,-1
furnace,0
furnish,0
furniture,0
further,0
furthermore,0
fury,-1
fuss,-1
fussy,-1
futile,0
futility,-1
future,0
fuzzy,0
gabon,0
gaiety,1
gaily,1
gain,1
gainer,0
gait,0
gall,-1
gallant,1
gallantry,1
gallery,0
galley,0
gallon,0
gambia,0
gamble,-1
game,1
gang,0
gape,0
garage,0
garden,0
gardener,0
garment,0
garnish,1
garrison,0
gas,0
gash,-1
gasket,0
gasoline,0
gasp,0
gate,0
gather,0
gaudy,-1
gauge,0
gave,0
gay,1
gaze,0
gazette,0
gear,0
general,0
generalise,0
generality,0
generalization,0
generalize,0
generate,1
generation,0
generosity,1
generous,1
genetic,0
geneva,0
genial,1
genius,1
gentle,1
gentleman,0
gentlemen,0
genuine,1
geograpghy,0
geographic,0
geographical,0
geometry,0
georgia,0
germ,-1
german,0
germany,0
gesture,0
get,-1
ghana,0
ghastly,-1
ghetto,-1
ghost,0
giant,0
giddy,1
gift,1
gifted,1
gigantic,0
gin,0
ginger,0
gingerly,0
girl,0
give,1
given,0
giver,0
glad,1
gladden,1
gladness,1
glamorous,1
glamour,1
glance,0
gland,0
glare,-1
glass,0
gleam,1
glean,1
glee,1
glen,0
glimmer,1
glimpse,0
glisten,1
glitter,1
gloat,-1
global,0
globe,0
gloom,-1
gloomy,-1
glorify,1
glorious,1
glory,1
glossy,1
glove,0
glow,1
glue,0
glum,-1
go,0
goal,0
goat,0
god,0
goddamn,-1
goddess,0
godlike,1
godliness,1
gold,1
golden,1
gone,0
gonna,0
good,1
good-by,0
good-will,0
goodbye,1
goodness,1
goods,0
goodwill,0
gorgeous,1
gospel,0
gossip,0
got,0
gotten,0
govern,0
government,0
governmental,0
governor,0
grab,-1
grace,1
graceful,1
gracious,1
grade,0
gradual,0
graduate,0
graduation,1
grain,0
grammar,0
grand,1
grandchild,0
grandchildren,0
grandeur,1
grandfather,0
grandma,0
grandmother,0
grandpa,0
granny,0
grant,0
granular,0
grape,0
grapple,-1
grasp,0
grass,0
grateful,1
gratification,1
gratify,1
gratitude,1
gratuitous,-1
grave,-1
gravest,0
gravitate,0
gravitational,0
gravity,0
gray,0
grease,0
great,1
greatcoat,0
greatest,0
greatness,1
greece,0
greed,0
greek,0
green,0
greet,1
grenade,0
grew,0
grey,0
grief,-1
grievance,-1
grieve,-1
grievous,0
grim,-1
grin,0
grind,0
grip,0
grizzly,-1
groin,0
groom,1
gross,0
grotesque,-1
ground,0
groundless,0
group,0
grove,0
grow,0
grower,0
growl,-1
grown,0
growth,0
grudge,-1
gruff,-1
grumble,-1
guarantee,1
guarantor,0
guard,0
guardian,1
guardianship,0
guatemala,0
guerrilla,-1
guess,0
guest,0
guidance,0
guide,1
guideline,0
guidepost,0
guild,0
guilt,-1
guilty,-1
guinea,0
guise,-1
guitar,0
gulf,0
gullible,-1
gully,0
gun,-1
gunmen,-1
gusto,1
guy,0
gymnast,0
gymnastic,0
habit,0
habitual,0
hack,-1
hackney,-1
had,0
haemoglobin,0
hag,-1
haggard,-1
haggle,0
hague,0
hair,0
haiti,0
half,0
half-inch,0
halfway,0
hall,0
hallowed,1
halt,0
hamburger,0
hammock,0
hamper,-1
hampshire,0
hand,1
handful,0
handicap,-1
handle,0
handsome,1
handy,1
hang,-1
hanger,0
hanker,0
haphazard,-1
hapless,-1
happen,0
happiness,1
happy,1
harass,-1
harassment,-1
harbor,0
harbour,0
hard,-1
harden,0
hardest,0
hardship,-1
hardtack,0
hardy,1
hare,0
harm,-1
harmful,-1
harmless,1
harmonious,1
harmonization,0
harmonize,1
harmony,1
harness,1
harsh,-1
harshest,0
harvest,0
has,0
hassle,-1
haste,0
hasten,0
hat,0
hate,-1
hater,-1
hatred,-1
haughty,-1
haunt,-1
have,0
haven,1
havoc,-1
hawaii,0
hay,0
hazard,-1
hazardous,-1
haze,0
haziness,-1
hazy,-1
he,0
head,0
headache,-1
headlight,0
headquarters,0
heal,1
health,1
healthful,1
healthy,1
heap,0
hear,0
heard,0
hearer,0
heart,1
heartily,1
heartless,-1
heat,0
heater,0
heaven,1
heavenly,1
heavy,0
hectic,-1
hedge,-1
hedonistic,-1
heed,0
heedless,-1
heel,0
hegemony,0
height,0
heighten,0
heinous,-1
heir,0
held,0
hell,-1
help,1
help,-1
helper,0
helpful,1
helpless,-1
helplessness,-1
hemisphere,0
hemispheric,0
hemoglobin,0
hen,0
hence,0
her,0
herd,0
here,0
hereby,0
hereditary,0
heresy,0
heretofore,0
herewith,0
heritage,0
hero,1
heroic,1
heroin,0
heroine,1
heroism,1
hers,0
herself,0
hesitancy,0
hesitant,0
hesitate,0
hesitation,0
hiatus,0
hid,0
hidden,0
hide,0
hideous,-1
hierarchy,0
high,0
highlight,1
highway,0
hilarious,1
hill,0
hillside,0
hilly,0
him,0
himself,0
hind,0
hinder,-1
hindrance,-1
hinge,0
hip,0
hire,0
his,0
historian,0
historic,0
historical,0
history,0
hit,-1
hit,1
hitherto,0
hoard,-1
hobble,-1
hold,0
holder,0
hole,-1
holiday,0
holland,0
hollow,-1
holly,0
holy,1
homage,1
home,1
homely,-1
homeward,0
homogeneous,0
honduras,0
honest,1
honey,0
honeymoon,1
hong-kong,0
honor,1
honorable,1
honour,0
honourable,0
hop,0
hope,1
hopeful,1
hopeless,-1
horde,-1
horizon,0
horizontal,0
horn,-1
horrible,-1
horrid,-1
horrifies,0
horrify,-1
horror,-1
horse,0
horsemen,0
horticulture,0
hospitable,1
hospital,0
hospitality,0
host,0
hostess,0
hostile,-1
hostility,-1
hot,-1
hotel,0
hour,0
house,0
household,0
housekeeper,0
how,0
however,0
huddle,0
hug,1
huge,0
hull,0
human,1
humanitarian,1
humanity,1
humble,1
humidity,0
humiliate,-1
humiliation,-1
humility,1
humor,1
humorous,1
humour,0
hunch,0
hundred,0
hundredth,0
hung,-1
hungary,0
hunger,-1
hungry,-1
hunt,-1
hunter,-1
hurl,0
hurrah,0
hurricane,0
hurry,0
hurt,-1
hurtful,-1
hurtle,0
husband,0
hustle,-1
hustler,-1
hut,0
hydrogen,0
hygiene,1
hymn,0
hypocrisy,-1
hypocrite,-1
hypothesis,0
hysteria,-1
hysterical,-1
i,0
i'm,0
ice,0
iceland,0
icy,0
idaho,0
idea,0
ideal,1
idealism,1
identical,0
identification,0
identify,0
identity,0
ideological,0
ideology,0
idiot,-1
idiotic,-1
idle,0
idleness,-1
idol,1
idolize,1
if,0
ignition,0
ignoble,-1
ignorance,-1
ignorant,-1
ignore,0
ill,-1
ill-defined,0
illegal,-1
illegality,-1
illinois,0
illiterate,-1
illness,-1
illogical,-1
illuminate,1
illumination,0
illusion,0
illussion,0
illustrate,0
illustration,0
illustrious,1
image,0
imagery,0
imaginable,0
imaginary,0
imagination,1
imaginative,1
imagine,0
imitate,0
imitation,0
immaculate,1
immature,-1
immaturity,0
immediacy,0
immediate,0
immense,0
immigrant,0
immigrate,0
immigration,0
imminent,0
immobility,-1
immoderate,0
immoral,-1
immorality,-1
immortal,1
immovable,-1
impact,0
impair,-1
impartial,1
impartiality,1
impassable,0
impasse,-1
impatience,-1
impatient,-1
impede,-1
impediment,-1
impel,0
imperative,1
imperceptible,0
imperfect,-1
imperial,0
imperialism,0
imperialist,0
imperishable,0
impersonal,-1
impervious,1
impetuous,-1
impetus,1
implausibility,0
implausible,0
implement,0
implementation,0
implicate,-1
implication,0
implore,-1
imply,0
import,0
importance,1
important,1
impose,-1
imposition,0
impossibility,0
impossible,0
impostor,0
imposture,0
impotency,0
impotent,0
impoverish,0
impractical,0
imprecision,-1
impress,1
impression,0
impressive,1
imprison,-1
imprisonment,-1
improbability,0
improbable,0
improper,-1
improve,1
improvement,1
impulse,0
impulsive,-1
impunity,1
impure,-1
impurity,-1
impute,0
in,0
inability,-1
inaccessible,-1
inaccuracy,-1
inadequacy,0
inadequate,-1
inane,-1
inate,0
inaugurate,1
inauguration,1
inc.,0
incalculable,0
incapable,-1
incapacity,0
incentive,0
incessant,-1
incest,0
inch,0
incidence,0
incident,0
incidental,0
incipient,0
inclination,0
incline,0
include,0
income,0
incomparable,0
incompatibility,-1
incompatible,-1
incompetence,-1
incompetent,-1
incomplete,0
inconceivable,0
inconsiderable,0
inconsistency,-1
inconsistent,0
incontestability,0
incontestable,0
inconvenience,0
inconvenient,-1
incorporate,0
incorrect,-1
increase,0
incredibility,0
incredible,-1
incumbent,0
incur,0
incurable,-1
indebted,0
indecent,-1
indecision,0
indecisive,0
indecisiveness,0
indeed,0
indefinite,-1
indemnity,0
independence,1
independent,1
indescribable,1
indeterminable,-1
indeterminate,-1
index,0
india,0
indian,0
indiana,0
indicate,0
indication,0
indicative,1
indices,0
indictment,-1
indies,0
indifference,-1
indifferent,-1
indignant,0
indignation,-1
indirect,0
indispensability,1
indispensable,1
indisputable,0
indistinct,0
indistinguishable,0
individual,0
individuality,1
indivisible,0
indochina,0
indomitable,1
indonesia,0
induce,0
indulge,-1
indulgence,1
industrial,0
industrialism,0
industrialize,0
industrious,1
industry,0
ineffective,-1
ineffectiveness,-1
ineffectual,-1
ineffectualness,-1
inefficiency,-1
inept,0
inequality,-1
inequitable,0
inequity,0
inestimable,0
inetrans,0
inevitability,0
inevitable,0
inexact,-1
inexcusable,0
inexpedient,0
inexpensive,1
inexplicable,-1
infallibility,1
infallible,1
infamous,-1
infant,0
infantry,0
infect,-1
infection,-1
infer,1
inference,1
inferior,-1
inferiority,-1
infest,-1
infiltration,-1
infinite,0
infirmity,0
inflame,-1
inflate,0
inflation,-1
inflationary,0
inflexible,0
inflict,-1
influence,0
influential,0
influx,0
inform,1
informal,0
information,0
infraction,-1
infrequent,0
infringement,-1
infuriate,-1
ingenious,1
ingenuity,1
ingratitude,-1
inhabit,0
inhabitant,0
inherent,0
inherit,1
inhibit,-1
inhibition,-1
inhumane,-1
initial,0
initiate,0
initiative,0
inject,0
injunction,-1
injure,-1
injurious,-1
injury,-1
injustice,0
inland,0
inner,0
inning,0
innocence,1
innocent,1
innovate,1
innovation,0
innovative,1
innumerable,0
inordinate,0
inquire,0
inquiry,0
inquisitive,1
insane,-1
insect,0
insecure,-1
insecurity,-1
insensible,-1
inseparable,1
insert,0
inside,0
insidious,-1
insight,1
insignificant,-1
insinuate,-1
insinuation,0
insist,0
insistence,0
insistent,1
insolence,-1
insolent,-1
insoluable,0
inspect,0
inspection,0
inspiration,1
inspirational,1
inspire,1
instability,-1
instable,-1
install,0
installation,0
instance,0
instant,0
instantly,0
instead,0
instigate,0
instinct,0
instinctive,1
instinctual,0
institute,0
institution,0
institutional,0
instruct,0
instruction,0
instructor,0
instrument,0
instrumental,0
insubordination,0
insufficiency,-1
insufficient,-1
insulation,0
insult,-1
insurance,0
insure,0
insurrection,0
intact,0
intangible,0
integrate,0
integration,0
integrity,1
intellect,1
intellectual,1
intelligence,1
intelligent,1
intelligible,1
intend,0
intense,0
intensify,0
intensity,0
intensive,0
intent,0
intention,0
interact,0
intercede,1
intercourse,1
interdependence,0
interest,1
interested,1
interfere,-1
interference,-1
interim,0
interior,0
intermediate,0
internal,0
international,0
international-court,0
interpersonal,0
interplanetary,0
interpose,1
interpret,0
interpretation,0
interrupt,-1
interruption,-1
interstate,0
intertwine,0
interval,0
intervene,0
intervention,-1
interview,0
interviewer,0
intimacy,1
intimate,1
intimidate,-1
into,0
intolerable,-1
intolerance,0
intoxicate,-1
intransigent,0
intricate,1
intrigue,1
introduce,0
introduction,0
intrude,-1
intruder,-1
intrusion,-1
intrust,0
intuition,0
intuitive,0
inundate,-1
inundated,-1
invade,-1
invader,0
invalid,-1
invaluable,1
invariable,0
invariably,0
invasion,0
invent,0
invention,0
inventive,0
inventor,1
inventory,0
invest,0
investigate,0
investigation,0
investment,0
investor,0
inveterate,0
invincible,1
inviolable,0
inviolate,0
invisible,-1
invitation,1
invite,1
involuntary,-1
involve,-1
involvement,0
invulnerable,1
inward,0
iowa,0
iran,0
iraq,0
ireland,0
irish,0
irk,-1
iron,-1
iron-curtain,0
ironic,-1
irony,-1
irrational,-1
irrefutable,0
irregular,-1
irregularity,-1
irresistible,1
irresponsible,-1
irrigate,0
irritable,-1
irritation,-1
is,0
island,0
isolate,-1
isolationism,0
israel,0
issuance,0
issue,0
it,0
it's,0
italian,0
italy,0
item,0
its,0
itself,0
ivory-coast,0
jacket,0
jagged,0
jail,-1
jamaica,0
janitor,0
january,0
japan,0
japanese,0
jar,-1
jaw,0
jazz,0
jealous,0
jealousy,0
jeep,0
jeer,-1
jeopardise,0
jeopardize,-1
jeopardy,-1
jerk,-1
jersey,0
jest,1
jet,0
jew,0
jewel,0
jewish,0
jittery,-1
job,0
jobless,-1
join,1
joiner,0
joint,0
jointly,1
joke,1
joker,0
jolly,1
jordan,0
journal,0
journalist,0
journey,0
joy,1
joyful,1
joyous,0
jubilant,1
jubilee,1
judge,0
judgment,0
judicial,0
judicious,0
jug,0
juice,0
juicy,0
july,0
jump,0
jumpy,-1
juncture,0
june,0
jungle,0
junior,0
junk,-1
junta,0
jurisdiction,0
juror,0
jury,0
just,1
justice,1
justifiable,0
justifiably,1
justification,1
justify,1
juvenile,0
kansas,0
keel,0
keen,1
keep,0
keeper,0
kentucky,0
kenya,0
kept,0
key,0
keyboard,0
kick,-1
kid,1
kidnap,-1
kidney,0
kill,-1
killer,-1
kilometer,0
kilometre,0
kin,0
kind,1
kindle,0
kindness,1
kindred,0
king,0
kingdom,0
kiss,1
kitchen,0
kitten,0
knee,0
kneel,0
knelt,0
knew,0
knife,-1
knit,0
knives,0
knock,-1
knocker,0
know,1
know-how,0
knowledge,1
known,0
korea,0
korean,0
kremlin,0
kuwait,0
lab,0
label,0
labor,0
laboratory,0
laborer,0
labour,0
labourer,0
lack,-1
lad,0
ladder,0
lady,0
lag,-1
laid,-1
lain,0
lake,0
lamb,0
lame,-1
lament,-1
lamentable,-1
land,0
landlord,0
landmark,0
landscape,0
lane,0
language,0
languish,-1
laos,0
lapse,-1
large,0
large-scale,0
last,0
late,0
latent,0
latin,0
latter,0
laudable,1
laugh,1
laughter,1
launch,0
lavatory,0
lavish,1
law,1
lawful,1
lawless,-1
lawn,0
lawyer,0
lay,-1
layer,0
lazily,-1
lazy,-1
lead,1
leader,0
leadership,0
leaf,0
league,0
league-of-nations,0
leak,-1
leakage,-1
lean,0
leap,0
learn,1
learner,1
least,0
leather,0
leave,0
lebanon,0
lecture,0
led,0
ledge,0
ledger,0
left,0
leg,0
legal,1
legend,0
legion,0
legislation,0
legislative,0
legislator,0
legislature,0
legitimacy,1
legitimate,1
leisure,1
lemon,0
lemonade,0
lend,0
length,0
lengthy,0
leninism,0
lent,0
less,0
lessen,0
lesson,0
lest,0
let,-1
let's,0
letter,0
level,0
liability,-1
liable,-1
liar,-1
liberal,1
liberalism,1
liberality,0
liberalize,0
liberate,1
liberation,0
liberia,0
liberty,1
library,0
libya,0
license,0
lick,0
lie,-1
lieutenant,0
life,0
lifeless,-1
lifelong,1
lifetime,0
lift,0
light,1
lighten,0
lightning,0
lignite,0
likable,1
like,1
likelihood,0
likeliness,0
likely,0
likewise,0
limb,0
limit,-1
limitation,-1
limitless,0
limousine,0
limp,-1
line,0
linguist,0
link,0
lion,0
lioness,0
lip,0
liquid,0
liquidate,-1
liquidation,-1
liquor,0
list,0
listen,0
listener,0
lit,0
literal,0
literally,0
literalness,0
literary,0
literature,0
litigant,0
litigation,0
litter,-1
little,0
live,1
livelihood,0
lively,1
liver,0
livery,0
livestock,0
load,-1
loan,0
lobby,0
local,0
locale,0
locate,0
location,0
lock,0
lodge,0
log,0
logic,1
logical,1
london,0
lone,-1
loneliness,-1
lonely,-1
loner,-1
lonesome,-1
long,0
long-range,0
long-standing,0
long-term,0
longevity,1
look,0
loom,-1
loop,0
loose,0
looseness,0
lord,0
lose,-1
loser,-1
loss,-1
lost,-1
lot,0
loud,0
louisiana,0
love,1
loveless,-1
loveliness,1
lovely,1
lover,1
low,-1
low-cost,0
low-income,0
lower,-1
lowly,-1
loyal,1
loyalty,1
lucid,1
luck,1
luckily,1
lucky,1
lucrative,1
ludicrous,-1
luggage,0
lull,-1
luminous,1
lunatic,-1
lunch,0
luncheon,0
lung,0
lure,-1
lurk,-1
lust,1
luster,1
lustrous,1
luxemberg,0
luxuriant,1
luxurious,1
luxury,1
lying,-1
lyric,1
lyrical,1
ma,0
machine,0
machinery,0
mad,-1
madagascar,0
madame,0
made,0
madman,-1
madness,-1
magazine,0
magic,0
magical,1
magician,0
magnetic,1
magnificence,1
magnificent,1
magnify,0
magnitude,0
mahogany,0
maid,0
maiden,0
mail,0
main,1
maine,0
mainland,0
maintain,0
maintenance,0
majestic,1
majesty,1
major,1
majority,0
make,1
maker,0
maladjusted,-1
maladjustment,-1
malady,-1
malaya,0
malaysia,0
male,0
mali,0
malice,-1
malicious,-1
malignant,-1
malta,0
mama,0
man,0
manage,0
manageable,1
management,0
manager,0
managerial,0
manchester,0
maneuver,0
mangle,-1
manifest,0
manifestation,0
manipulate,-1
manipulation,-1
mankind,0
manly,1
manner,0
manoeuvre,0
manpower,0
mansion,0
manslaughter,-1
mantle,0
manufacture,0
manufacturer,0
manure,0
many,0
map,0
maple,0
mar,-1
marble,0
march,0
marcher,0
mare,0
marginal,-1
marine,0
marital,1
maritime,0
mark,0
marker,0
market,0
marksman,0
marriage,1
marrow,0
marry,1
marsh,0
marshall,0
marshall-plan,0
marvel,1
marvelous,1
marxism,0
maryland,0
masculine,0
mass,0
massachusetts,0
massacre,-1
masses,0
massive,0
mast,0
master,0
masterful,1
mastery,1
mat,0
match,0
matchless,1
mate,1
material,0
maternal,0
maternity,0
math,0
mathematical,0
mathematics,0
matriculate,0
matter,1
mature,1
maturity,1
mauritius,0
maxim,0
maximization,0
maximize,1
maximum,0
may,0
maybe,0
mayor,0
mcgovern,0
me,0
meager,-1
meal,0
mean,-1
meaning,0
meaningful,1
meaningless,-1
meant,0
meantime,0
meanwhile,0
measurable,1
measure,0
measureless,0
measurement,0
meat,0
mechanic,0
mechanism,0
medal,0
meddle,-1
media,0
mediate,1
mediation,0
mediator,0
medical,0
medicare,0
medicine,0
medieval,0
mediocre,-1
meditation,1
mediterranean,0
medium,0
meek,-1
meet,1
melancholy,-1
mellow,1
melodramatic,-1
melody,1
melt,0
member,0
membership,0
memorable,1
memory,0
men,0
menace,-1
mend,1
menial,-1
mental,0
mentality,0
mention,0
mentor,1
merchandise,0
merchant,0
merchantile,0
merciful,1
merciless,-1
mercy,1
mere,0
merge,0
merger,0
merit,1
meritorious,1
merrily,1
merriment,1
merry,1
mesh,1
mess,-1
message,0
messenger,0
met,0
metal,0
metaphysical,0
metaphysics,0
meteor,0
meteorite,0
meter,0
method,0
methodical,0
meticulous,1
metropolis,0
metropolitan,0
mexican,0
mexico,0
mice,0
michigan,0
middle,0
middle-class,0
midnight,0
midst,0
might,0
mighty,1
migration,0
mild,1
mile,0
military,0
militia,0
milk,0
mill,0
miller,0
million,0
millionth,0
mind,1
mindful,1
mine,-1
miner,0
mineral,0
mingle,0
minimal,0
minimize,0
minimum,0
minister,1
ministerial,0
ministry,0
minnesota,0
minor,0
minority,0
mint,1
minus,0
minute,0
minutemen,0
miracle,1
miraculous,1
mirror,0
mirth,1
misbehave,-1
misbehavior,-1
miscarriage,0
mischief,-1
mischievous,-1
miser,-1
miserable,-1
misery,-1
misfortune,-1
misguide,0
mishandle,-1
mishap,-1
misinform,-1
misinformed,-1
mislead,-1
misled,0
mismanagement,0
misrepresent,-1
miss,-1
missile,0
mission,0
missionary,0
mississippi,0
missouri,0
mist,0
mistake,-1
mistaken,-1
mister,0
mistook,0
mistreat,0
mistreatment,0
mistress,0
mistrust,-1
misunderstand,-1
misunderstanding,-1
misunderstood,-1
misuse,-1
mitigate,0
mix,-1
mixture,0
moan,-1
mob,0
mobile,0
mobility,1
mobilize,1
mock,-1
mockery,-1
mode,0
moderate,1
moderation,1
modern,0
modernity,1
modernization,0
modest,1
modesty,1
modification,0
modify,0
moisture,0
mold,0
molecular,0
molest,-1
moment,0
momentary,0
momentous,1
momentum,0
monarch,0
monarchy,0
monday,0
monetary,0
money,0
mongolia,0
monitor,0
monkey,0
monopoly,0
monotonous,-1
monotony,-1
monster,-1
monstrous,-1
montana,0
month,0
monument,0
monumental,1
mood,0
moody,-1
moon,0
moral,1
morale,1
moralistic,1
morality,1
more,0
moreover,0
morning,0
morocco,0
mortality,0
mortar,0
mortgage,0
mortify,-1
moscow,0
most,0
motel,0
moth,0
mother,0
motion,0
motionless,-1
motivate,1
motivated,1
motivation,1
motive,1
motley,-1
motor,0
motorist,0
mottled,0
mound,0
mount,0
mountain,0
mourn,-1
mourner,-1
mouse,0
mouth,0
movable,0
move,0
movement,0
mover,0
movie,0
mozambique,0
mph,0
mr.,0
mrs.,0
ms.,0
much,0
mud,0
muddle,-1
muddy,-1
muffle,0
mule,0
multilateral-force,0
multiple,0
multiplication,0
multiply,0
multitude,1
mumble,-1
mundane,-1
municipal,0
municipality,0
munition,0
murder,-1
murderer,0
murderous,-1
murky,-1
murmur,0
muscle,0
muscular,0
museum,0
music,0
musical,0
musician,0
must,0
muster,0
mutter,-1
mutton,0
mutual,1
my,0
myriad,1
myself,0
myself>,-1
mysterious,0
mystery,0
mystic,0
mystical,0
myth,0
nag,-1
nail,0
naive,-1
naked,0
name,0
narrative,0
narrow,0
nasty,-1
nation,0
national,0
nationalism,0
nationalist,0
nationalistic,0
nationality,0
native,0
natural,1
naturalization,0
nature,0
naughty,-1
naval,0
navigable,1
navigation,0
navy,0
nay,0
nazi,0
near,0
nearby,0
neat,1
nebraska,0
nebulous,-1
necessarily,1
necessary,0
necessitate,0
necessity,0
neck,0
need,-1
needle,-1
needy,-1
negate,-1
negation,-1
negative,-1
neglect,-1
negligence,-1
negligent,-1
negligible,0
negotiate,1
negotiation,0
negotiator,0
negro,0
neighbor,0
neighborhood,0
neighbour,0
neighbourhood,0
neither,0
nepal,0
nephew,0
nerve,0
nervous,-1
nervousness,-1
nest,0
netherlands,0
network,0
neurosis,0
neurotic,-1
neutral,0
neutralism,0
neutrality,0
neutralize,-1
nevada,0
never,0
nevertheless,0
new,0
new-mexicao,0
newborn,0
newcomer,0
newsmen,0
newspaper,0
newspaperman,0
next,0
nicaragua,0
nice,1
niche,1
nickel,0
nickname,0
nigeria,0
nigers,0
nigger,0
night,0
nightmare,-1
nihilism,0
nihilistic,0
nimble,1
nine,0
nineteen,0
nineteenth,0
ninetieth,0
ninety,0
ninth,0
nix,-1
nixon,0
no,0
nobility,1
noble,1
nobleman,1
nobody,0
nod,0
noise,-1
noiseless,1
nominal,0
nominate,1
nomination,0
non,0
non-fiction,0
non-intervention,0
non-proliferation,0
non-violence,1
non-violent,1
nonaligned,0
nonchalant,-1
none,0
nonetheless,0
nonsense,-1
nonspecific,0
nonverbal,0
noon,0
nope,0
nor,0
norm,0
normal,1
north,0
northeast,0
northerly,0
northern,0
northern-rhodesia,0
northwest,0
norway,0
nose,0
nosey,-1
not,0
notable,1
note,0
noteworthy,0
nothing,0
notice,0
noticeable,0
notion,0
notoriety,1
notorious,-1
notwithstanding,0
noun,0
nourish,1
nourishment,1
novel,0
novelist,0
novelty,1
november,0
novice,-1
now,0
nowhere,0
nuclear,0
nuclei,0
nucleus,0
nude,0
nuisance,-1
nullification,-1
nullify,-1
numb,-1
number,0
numerical,0
numerous,0
nurse,1
nurture,1
nut,0
nutrient,1
nutrition,0
nuts,-1
nyasaland,0
o'clock,0
oak,0
oas,0
oasis,1
oat,0
oath,0
obedience,1
obedient,1
obey,1
object,-1
objection,-1
objective,1
obligation,0
oblige,1
oblique,-1
obliterate,-1
obnoxious,-1
obscure,-1
obscurity,0
observance,0
observation,0
observe,0
observer,0
obsolete,-1
obstacle,-1
obstinate,-1
obstruct,-1
obstruction,-1
obtain,1
obtainable,1
obvious,0
occasion,0
occasional,0
occupation,0
occupational,0
occupy,0
occur,0
occurrence,0
ocean,0
october,0
odd,-1
oddity,-1
odds,0
odor,0
odour,0
of,0
off,0
offence,0
offend,-1
offender,-1
offensive,-1
offer,1
office,0
officer,0
official,0
officiate,0
offset,1
offshore,0
offspring,0
often,0
ohio,0
oil,0
okay,0
oklahoma,0
old,0
ominous,-1
omission,-1
omit,-1
on,0
once,0
one,0
oneself,0
onion,0
only,0
onset,1
onto,0
onward,1
open,1
opera,0
operate,0
operation,0
operational,0
operative,0
operator,0
opinion,0
opinionated,-1
opponent,-1
opportune,1
opportunity,1
oppose,-1
opposite,0
opposition,-1
oppress,-1
oppression,-1
oppressive,-1
optimal,1
optimism,1
optimistic,1
optional,1
or,0
oral,0
orange,0
orator,0
orchestra,0
ordain,0
ordeal,-1
order,1
ordinance,0
ordinary,0
ore,0
oregon,0
organ,0
organic,0
organise,0
organization,0
organize,1
orient,0
origin,0
original,0
originality,1
originate,0
orleans,0
ornament,0
orphan,-1
orthodox,0
ostensibly,0
ostracize,-1
other,0
otherwise,0
otter,0
ought,0
our,0
ours,0
ourselves,0
oust,-1
out,0
outback,0
outbreak,-1
outburst,-1
outcast,-1
outcome,0
outcry,-1
outdated,0
outdoor,0
outer,0
outfit,0
outgoing,1
outlaw,-1
outline,0
outlive,1
outlook,0
outpost,0
output,0
outrage,-1
outrageous,-1
outreach,0
outright,1
outrun,1
outset,1
outside,0
outsider,-1
outspoken,0
outstanding,1
outward,0
outwit,1
oval,0
over,0
overall,0
overbearing,-1
overcame,0
overcome,1
overcrowding,0
overflow,-1
overhaul,0
overjoy,0
overjoyed,1
overland,0
overlap,0
overlook,-1
overly,0
overlying,0
overnight,0
overnighter,0
overpower,-1
override,0
overrode,0
overrun,-1
oversea,0
overseer,0
oversight,-1
oversimplification,0
oversimplify,0
overthrow,-1
overthrown,0
overture,0
overtures,0
overturn,-1
overwhelm,0
overwhelming,-1
overworked,-1
owe,-1
own,0
owner,0
ownership,0
oxen,0
pace,0
pacific,0
pacification,0
pacify,0
pack,0
package,0
pact,0
page,0
paid,0
pain,-1
painful,-1
painstaking,1
paint,0
painter,0
pair,0
pakistan,0
palace,0
palatable,1
palatial,1
pale,0
palistine,0
paltry,-1
pamper,1
pan,0
pan-american,0
panacea,0
panama,0
pandemonium,-1
panic,-1
papa,0
paper,0
parachute,0
parachuter,0
parade,0
paradise,1
paraguay,0
parallel,0
paralysis,-1
paralyzed,-1
parameter,0
paramount,1
paranoid,-1
parasite,-1
pardon,1
parent,0
parental,0
paris,0
parish,0
parity,0
park,0
parkway,0
parliament,0
parliamentary,0
parlor,0
parlour,0
part,0
partake,0
partial,0
participant,0
participate,0
participation,0
particle,0
particular,1
partisan,0
partisanship,0
partition,-1
partner,1
partnership,1
partook,0
party,0
pass,1
passage,0
passe,-1
passenger,0
passion,0
passionate,1
passive,0
passport,0
past,0
paste,0
pastor,0
pastoral,0
pasture,0
patch,0
patent,0
paternal,0
paternalism,0
path,0
pathetic,-1
patience,1
patient,1
patriot,1
patriotic,1
patriotism,0
patrol,0
patron,1
patronage,1
patronize,-1
pattern,0
pauper,0
pause,0
pay,1
payable,0
payer,0
payment,0
payroll,0
pea,0
peace,1
peaceable,1
peaceful,1
peacetime,0
peacock,0
peak,0
pearl,0
peasant,0
peculiar,-1
pecuniary,0
peel,0
peer,0
peerless,1
pelvic,0
pelvis,0
pen,0
penal,0
penalty,0
pencil,0
pend,0
penetrate,0
penetration,0
peninsula,0
pennsylvania,0
penny,0
pension,0
pentagon,0
peony,0
people,0
per,0
perceive,0
percent,0
percentage,0
perception,0
perfect,1
perfection,1
perfectionism,1
perfectionist,1
perform,0
performance,0
performer,0
perfume,1
perhaps,0
peril,-1
perilous,-1
period,0
perish,-1
perishable,0
permanence,0
permanent,0
permissible,0
permission,1
permit,1
pernicious,0
perpetual,0
perpetuate,0
perplex,-1
perplexity,-1
persecute,-1
persecution,-1
perseverance,1
persevere,1
persia,0
persian,0
persist,0
persistence,0
persistent,0
person,0
personal,0
personality,0
personnel,0
perspective,0
persuade,0
persuasion,0
persuasive,1
pertinent,1
perturb,-1
peru,0
pervade,0
perverse,-1
pervert,-1
pessimism,-1
pessimistic,-1
pest,-1
pet,0
petition,0
petitioner,0
petty,-1
phase,0
phenomena,0
phenomenon,0
philadelphia,0
philippines,0
philosopher,0
philosophic,0
philosophical,0
philosophy,0
phobia,-1
phone,0
photo,0
photograph,0
photographic,0
phrase,0
physical,0
physician,0
physicist,0
physics,0
piano,0
pick,-1
picture,0
picturesque,1
pie,0
piece,-1
piety,1
pig,0
pigment,0
pile,0
pilgrimage,0
pill,0
pillow,0
pilot,0
pin,0
pinch,-1
pink,0
pinnacle,1
pioneer,0
pious,1
pistol,0
piston,0
pit,0
pitch,0
pitiful,-1
pitiless,-1
pity,0
place,0
placement,0
placid,0
plague,-1
plain,1
plaintiff,-1
plan,0
plane,0
planer,0
planet,0
planner,0
plant,0
plantation,0
planter,0
plaque,0
plastic,0
plasticity,0
plate,0
platform,0
platonism,0
plausibility,1
plausible,0
play,0
player,0
playful,1
playmate,1
plaything,1
plea,0
plead,0
pleasant,1
pleasantry,1
please,1
pleased,1
pleasurable,1
pleasure,1
pledge,1
plenipotentiary,0
plentiful,1
plenty,1
plight,-1
plod,-1
plot,-1
plow,0
plug,0
plumber,0
plunder,0
plunge,0
plural,0
plus,0
plywood,0
pocket,0
pod,0
poem,0
poet,0
poetic,1
poetry,0
poignant,1
point,-1
pointer,0
pointless,-1
poise,1
poison,-1
poisonous,-1
poland,0
polaria,0
polarize,0
pole,0
police,0
policeman,0
policemen,0
policy,0
polish,1
polite,1
politeness,1
political,0
politician,0
politics,0
poll,0
pollute,-1
pollution,-1
pomp,1
pompous,-1
pond,0
ponder,0
pony,0
pool,0
poor,-1
pope,0
popular,1
popularity,1
populate,0
population,0
populous,1
porch,0
port,0
portable,1
porter,0
portion,0
portrait,0
portugal,0
portuguese,0
pose,0
position,0
positive,1
positiveness,1
positivity,1
posse,0
possess,0
possession,0
possessive,0
possessor,0
possibility,0
possible,0
possibly,0
post,0
poster,0
posterity,1
postpone,0
postponement,0
posture,0
postwar,0
pot,0
potency,1
potent,1
potential,0
potentiality,0
poultry,0
pound,-1
pour,0
pout,-1
poverty,-1
powder,0
power,0
powerful,0
powerless,-1
practicable,1
practical,1
practice,0
practise,0
prairie,0
praise,1
prance,1
pray,0
prayer,0
pre-war,0
preach,0
preacher,0
precarious,-1
precaution,1
precede,0
precedent,1
precept,1
precinct,0
precious,1
precipitate,-1
precise,1
precision,1
predecessor,0
predicament,-1
predict,0
predictable,0
prediction,0
predominant,0
predominate,0
preeminent,1
prefer,0
preferable,0
preferably,0
preference,1
pregnancy,0
pregnant,0
prejudice,-1
prejudicial,-1
preliminary,0
prelude,0
premature,0
premier,1
premise,1
premises,0
premium,1
preoccupation,0
preoccupy,0
preparation,0
preparatory,1
prepare,0
preposterous,-1
prerequisite,0
prescribe,0
prescription,0
presence,0
present,0
present-day,0
presentation,0
preservation,0
preserve,0
preside,0
presidency,0
president,0
president-elect,0
presidential,0
press,-1
pressure,0
prestige,1
presumably,0
presume,0
presumption,0
presumptuous,-1
pretence,0
pretend,-1
pretense,-1
pretension,0
pretentious,-1
pretext,0
prettily,1
pretty,1
prevail,0
prevalence,0
prevalent,0
prevent,0
prevention,0
preventive,0
previous,0
prey,0
price,0
priceless,1
pride,1
priest,0
primarily,1
primary,0
prime,1
primitive,0
prince,0
princess,0
principal,1
principle,1
print,0
prior,0
priority,0
prison,-1
prisoner,-1
privacy,1
private,0
privilege,0
privileged,1
privy,1
prize,1
pro,1
proactive,1
probability,0
probable,0
probation,0
probationary,0
probe,0
problem,-1
procedural,0
procedure,0
proceed,0
process,0
proclaim,0
proclamation,0
procrastinate,-1
procrastination,-1
proctor,0
procure,0
procurement,0
prod,-1
prodigious,1
prodigy,1
produce,0
producer,0
product,0
production,0
productive,1
productivity,1
profess,1
profession,0
professional,0
professor,0
proffer,1
proficient,1
profit,1
profitable,1
profiteer,0
profound,1
program,0
programme,0
programmer,0
progress,1
progressive,1
prohibit,-1
prohibition,-1
prohibitive,-1
project,0
prolific,1
prolong,0
prominence,1
prominent,1
promise,1
promote,0
promoter,0
promotion,0
prompt,1
promptly,1
promulgate,0
proof,0
propaganda,-1
proper,1
property,0
prophecy,0
prophesize,0
prophet,0
propitious,1
proponent,0
proportion,0
proportional,0
proportionate,0
proposal,0
propose,0
proposition,0
proprietary,1
proprietor,0
propriety,1
prose,0
prosecute,1
prosecution,-1
prospect,0
prospective,0
prosper,1
prosperity,1
prosperous,1
protect,1
protection,1
protective,1
protector,1
protest,-1
protestant,0
protocol,0
protracted,0
proud,1
prove,0
proven,0
provide,1
providence,1
province,0
provincial,0
provision,0
provisional,0
provocation,-1
provoke,-1
prowess,1
prowl,-1
prudence,1
prudent,1
prussia,0
prussian,0
pry,-1
psychiatrist,0
psychological,0
psychologist,0
psychology,0
pta,0
public,0
publication,0
publicity,0
publish,0
pull,0
pulley,0
pulse,0
pump,0
punch,-1
punctual,1
punish,-1
punishment,0
puny,-1
pupil,0
puppy,0
purchase,0
pure,1
purely,0
purification,1
purify,1
purity,1
purple,0
purpose,0
purposeful,1
purr,1
pursuant,0
pursue,0
pursuer,0
pursuit,0
push,-1
put,0
puzzle,0
puzzlement,-1
quaint,1
qualification,0
qualify,1
quality,1
qualm,-1
quandary,-1
quantitative,0
quantity,0
quarrel,-1
quarrelsome,-1
quarter,0
quartet,0
queen,0
queer,-1
quench,1
quest,0
question,0
questionable,-1
questioner,0
questionnaire,0
quibble,-1
quick,0
quicken,1
quiet,0
quit,-1
quite,0
quitter,-1
quote,0
rabbit,0
race,-1
racer,0
racial,0
radar,0
radiance,1
radiant,1
radiate,1
radiation,0
radical,-1
radio,0
radioactive,0
radius,0
rag,0
rage,-1
ragged,0
raid,-1
rail,0
railroad,0
railway,0
rain,0
raise,-1
rake,0
rally,1
ramble,-1
rampant,-1
ran,0
ranch,0
rancher,0
random,0
rang,0
range,0
ranger,0
rapid,0
rapport,1
rapproachment,0
rapt,1
rapture,1
rare,0
rascal,-1
rash,-1
rat,-1
rate,0
rather,0
ratification,0
ratify,0
ratio,0
ration,-1
rational,1
rationalize,0
rattle,-1
ravage,-1
rave,1
raw,0
razor,0
re-establish,0
re-establishment,0
reach,0
react,0
reaction,0
reactionary,-1
reactivate,0
reactive,-1
read,0
reader,0
readily,1
readiness,0
readjustment,0
ready,0
reaffirm,0
real,1
realisation,0
realise,0
realism,0
realistic,1
realistically,1
reality,0
realization,0
realize,0
realm,0
reap,1
rear,0
rearmament,0
rearrangement,0
reason,0
reasonable,1
reassert,0
reassurance,1
reassure,1
rebate,0
rebel,-1
rebellion,-1
rebellious,-1
rebuff,-1
rebuild,0
rebuke,-1
rebut,-1
recalcitrant,-1
recall,0
recede,-1
receipt,0
receive,0
receiver,0
recent,0
reception,0
receptive,1
recess,0
recession,-1
reciprocal,0
reckless,-1
recklessness,-1
reclaim,1
reclamation,0
recline,1
recognise,0
recognition,0
recognize,0
recoil,-1
recommend,0
recommendation,0
recompense,1
reconcile,1
reconciliation,1
reconsider,0
reconsideration,0
reconstitute,0
reconstruct,0
reconstruction,0
record,0
recourse,0
recover,0
recovery,0
recreate,0
recreation,1
recriminate,0
recruit,0
recruitment,0
rectitude,0
rector,0
recur,0
recurrence,0
recurrent,0
red,0
redeem,1
redemption,1
redevelopment,0
redhead,0
redress,0
reds,0
reduce,0
reduction,0
redundancy,-1
redundant,-1
reef,0
reemploy,0
reestablish,1
reexamine,0
refer,0
reference,0
refine,1
refinement,1
reflect,0
reflection,0
reflex,0
reform,0
refrain,-1
refrigerator,0
refuge,1
refugee,-1
refund,0
refusal,-1
refuse,-1
regain,0
regal,1
regard,1
regardless,-1
regent,0
regime,0
regiment,0
regimentation,0
region,0
regional,0
regionalization,0
register,0
registrant,0
registration,0
regress,-1
regression,-1
regret,-1
regrettable,-1
regroup,0
regular,0
regularity,0
regulate,0
regulation,0
rehabilitate,0
rehabilitation,1
reign,0
reinforce,0
reinforcement,1
reinstate,1
reiterate,0
reject,-1
rejection,-1
rejoice,1
relapse,-1
relate,0
related,0
relation,0
relationship,0
relative,0
relaunch,0
relax,0
relaxation,1
release,0
relentless,0
relevance,1
relevancy,1
relevant,1
reliability,1
reliable,1
reliance,0
relief,1
relieve,1
religion,0
religious,1
relinquish,0
relish,1
reluctant,-1
rely,0
remain,0
remainder,0
remark,0
remarkable,1
remarkably,1
remedy,1
remember,0
remind,0
reminder,0
remodel,1
remorse,-1
remote,0
removal,0
remove,0
remuneration,0
renaissance,1
render,0
renew,0
renewal,1
renounce,-1
renovate,1
renovation,1
renown,1
rent,0
rental,0
renunciation,-1
reorganization,0
reorganize,0
rep,0
repaid,0
repair,1
reparation,1
repay,0
repeal,-1
repeat,0
repel,0
repent,1
repentance,1
repetition,0
replace,0
replacement,0
replenish,0
reply,0
report,0
reporter,0
repose,1
reprehensible,-1
represent,0
representation,0
representative,0
repress,-1
reprisal,0
reproach,-1
republic,0
republican,0
repudiate,-1
repugnant,-1
repulse,-1
repulsive,-1
reputable,1
reputation,0
request,0
require,0
requirement,0
requisite,0
rescue,1
research,0
researcher,0
resemble,0
resent,-1
resentful,-1
resentment,-1
reservation,0
reserve,0
residence,0
resident,0
residential,0
resign,0
resignation,-1
resist,0
resistance,0
resolute,1
resolution,0
resolve,1
resolved,1
resort,0
resound,1
resource,0
resourceful,1
resourcefulness,1
respect,1
respectable,1
respectful,1
respective,0
respite,1
resplendent,1
respond,0
response,0
responsibility,1
responsible,1
responsive,1
rest,0
restatement,0
restaurant,0
restful,1
restitution,0
restless,-1
restlessness,-1
restoration,1
restore,1
restrain,0
restraint,0
restrict,-1
restriction,-1
restrictive,0
result,0
resultant,0
resume,0
resumption,0
resurrect,1
retail,0
retain,0
retaliate,-1
retard,-1
retardation,0
retention,0
retire,-1
retirement,0
retreat,-1
retrenchment,0
return,1
reunification,0
reunify,0
reunion,1
reunite,1
revaluation,0
reveal,0
revel,1
revelation,1
revenge,-1
revenue,0
revere,1
reverence,1
reverend,0
reverent,1
reverently,1
reverse,0
revert,-1
review,0
revise,0
revision,0
revisit,0
revitalize,1
revival,1
revive,1
revoke,-1
revolt,-1
revolution,-1
revolutionary,0
reward,1
rhine,0
rhineland,0
rhinoceros,0
rhode,0
rhodesia,0
rhodesian,0
rhythm,0
rhythmic,0
rib,0
ribbon,0
rice,0
rich,1
riches,1
richness,1
rid,-1
ride,-1
rider,0
ridge,0
ridicule,-1
ridiculous,-1
rifle,0
right,1
righteous,1
righteousness,1
rightful,1
rigid,-1
rigor,-1
rigorous,-1
ring,0
riot,0
rip,-1
ripe,1
ripen,1
ripple,0
rise,0
risen,0
risk,0
risky,-1
rite,0
ritual,0
rival,-1
rivalry,-1
river,0
road,0
roar,0
rob,0
robber,-1
robbery,-1
robust,1
rock,0
rocker,0
rocket,0
rocky,0
rod,0
rode,0
rodent,0
rogue,-1
role,0
roll,0
roller,0
romance,1
romantic,1
romanticize,1
rome,0
roof,0
roofer,0
room,0
roommate,0
roosevelt,0
root,-1
rope,0
rose,0
rosy,1
rot,-1
rotten,-1
rouge,0
rough,-1
roughness,-1
round,1
roundabout,-1
rouse,1
route,0
routine,0
row,0
royal,0
royalty,0
rub,0
rubber,0
rubbish,-1
rude,-1
rue,-1
ruffian,-1
rug,0
rugged,0
ruin,-1
ruinous,-1
rule,0
ruler,0
rumania,0
rumor,-1
rumple,-1
run,-1
runaway,-1
runner,0
rupture,-1
rural,0
rush,0
russia,0
russian,0
rusty,-1
ruthless,-1
ruthlessness,-1
rwanda,0
sabotage,-1
sacred,1
sacrifice,0
sad,-1
sadness,-1
safe,1
safeguard,1
safety,1
sag,-1
saga,0
sagacity,1
sage,1
said,0
sail,0
saint,1
sake,0
salami,0
salary,0
sale,0
salesman,0
salesmanship,0
salesmen,0
saline,0
salt,0
salutary,1
salutation,1
salute,1
salvage,0
salvation,1
same,0
sample,0
sanctify,1
sanction,0
sanctity,0
sanctuary,1
sand,0
sandy,0
sane,1
sang,0
sanguine,1
sanitary,1
sanitation,0
sanity,1
sank,-1
sans,0
sap,-1
sarcasm,-1
sarcastic,-1
sardinia,0
sat,0
satellite,0
satire,0
satisfaction,1
satisfactorily,1
satisfactory,1
satisfy,1
saturday,0
savage,-1
save,1
savings,1
savor,1
savvy,1
saw,0
say,0
scald,-1
scale,0
scamper,1
scandal,-1
scandalous,-1
scant,0
scapegoat,-1
scar,-1
scarce,0
scarcely,0
scarcity,-1
scare,-1
scared,-1
scary,-1
scatter,0
scene,0
scenery,0
sceptical,0
schedule,0
schematically,0
scheme,-1
scholar,0
scholarship,0
scholastic,0
school,0
schoolroom,0
science,0
scientific,0
scientist,0
scoff,-1
scold,-1
scope,0
scorch,-1
score,0
scorn,-1
scornful,-1
scotland,0
scottish,0
scoundrel,-1
scowl,-1
scramble,0
scrape,-1
scratch,0
scrawl,0
scream,-1
screech,-1
screw,-1
scrub,0
scruples,1
scrupulous,1
scrutinize,-1
scrutiny,0
scuffle,-1
sculpture,0
scum,-1
sea,0
seal,0
seaman,0
seamen,0
search,0
searcher,0
seashore,0
season,0
seat,0
seato,0
secede,-1
secession,-1
second,0
secondary,0
secrecy,-1
secret,-1
secretary,0
sect,0
section,0
sector,0
secure,1
security,1
security-council,0
sedan,0
sedentary,-1
sediment,0
sedition,0
seditious,0
seduce,0
see,0
seed,0
seek,0
seeker,0
seem,0
seen,0
seethe,-1
segment,0
segregation,-1
seize,-1
seldom,0
select,0
selection,0
selective,1
self,0
self-contained,1
self-determination,0
self-governing,0
self-government,0
self-respect,1
selfish,-1
selfishness,-1
sell,0
seller,0
semantic,0
semblance,1
semester,0
seminary,0
senate,0
senator,0
send,0
senegal,0
senile,-1
senior,0
sensational,1
sense,1
senseless,-1
sensible,1
sensitive,1
sensitivity,1
sensory,0
sent,0
sentence,-1
sentiment,0
sentimental,0
separate,0
separation,0
september,0
sequence,0
sequester,-1
serene,1
sergeant,0
series,0
serious,1
seriousness,1
sermon,0
serum,0
servant,0
serve,-1
service,-1
servicemen,0
servitude,-1
session,0
set,0
setter,0
settle,1
settlement,0
settler,0
setup,0
seven,0
seventeen,0
seventeenth,0
seventh,0
seventy,0
sever,-1
several,0
severe,-1
severity,-1
sew,0
sex,0
sexual,0
shabby,-1
shade,0
shadow,-1
shady,-1
shaft,0
shaggy,-1
shake,-1
shaken,0
shaker,0
shall,0
shallow,-1
shame,-1
shameful,-1
shameless,-1
shape,0
shapely,0
share,1
shark,-1
sharp,0
sharpen,0
shatter,0
she,0
shed,0
sheep,0
sheer,0
sheet,0
shelf,0
shell,-1
shelter,1
shelves,0
sheriff,0
shield,1
shift,0
shine,0
shiny,1
ship,0
shipbuilding,0
shipment,0
shipwreck,-1
shirk,-1
shirt,0
shiver,-1
shock,-1
shoddy,-1
shoe,0
shook,0
shoot,-1
shop,0
shore,0
short,-1
short-term,0
shortage,-1
shortcoming,-1
shorten,0
shortsighted,-1
shot,-1
should,0
shoulder,0
shout,0
shove,-1
show,-1
shower,0
shown,0
shrank,0
shred,-1
shrew,-1
shrewd,1
shrewdness,1
shriek,-1
shrill,-1
shrink,0
shrivel,-1
shroud,-1
shrug,-1
shrunk,0
shudder,0
shun,-1
shut,0
shutter,0
shy,0
shyness,-1
sick,-1
sickly,-1
sickness,-1
side,0
sidewalk,0
siege,-1
sigh,0
sight,0
sign,0
signal,0
signatory,0
signature,0
signer,0
significance,1
significant,1
signify,1
silence,0
silent,0
silhouette,0
silk,0
silly,-1
silver,0
similar,0
similarity,0
simple,0
simplicity,1
simplify,1
simplistic,-1
simulate,0
sin,-1
since,0
sincere,1
sincerity,1
sinful,-1
sing,0
singapore,0
singer,0
single,0
singly,0
sinister,-1
sink,0
sir,0
sister,0
sit,0
site,0
sitter,0
situate,0
situation,0
six,0
sixteen,0
sixteenth,0
sixth,0
sixty,0
sizable,0
size,0
sizeable,0
skeptical,-1
sketch,0
sketchy,-1
ski,0
skies,0
skilful,0
skill,1
skillful,1
skin,0
skirmish,-1
skirt,0
skulk,-1
sky,0
skyline,0
slack,0
slacks,0
slam,-1
slander,-1
slanderer,-1
slanderous,-1
slap,-1
slash,-1
slaughter,-1
slave,0
slavery,0
slayer,-1
sleazy,-1
sleek,1
sleep,0
sleepless,-1
slender,0
slept,0
slice,0
slid,0
slide,0
slight,-1
slim,0
slime,-1
slip,0
slipper,0
sloppy,-1
slot,0
sloth,-1
slothful,-1
slow,0
slug,-1
sluggish,-1
slum,0
slump,-1
sly,-1
smack,-1
small,0
smart,1
smash,-1
smear,-1
smell,0
smile,1
smitten,1
smoke,0
smoker,0
smoky,0
smooth,0
smother,-1
smuggle,-1
snack,0
snake,0
snap,0
snare,-1
snarl,-1
snatch,-1
sneak,-1
sneer,-1
snore,-1
snow,0
so,0
soar,0
sob,-1
sober,1
sociable,1
social,0
socialism,0
socialist,0
society,0
sociological,0
sociology,0
soever,0
soft,0
softness,1
soil,0
solace,1
solar,0
sold,0
soldier,0
sole,0
solemn,0
solicitor,0
solid,0
solidarity,0
solidity,0
solution,1
solve,0
somalia,0
somber,-1
some,0
somebody,0
somehow,0
someone,0
something,0
sometime,0
somewhat,0
somewhere,0
son,0
song,0
soon,0
soothe,1
sophisticated,1
sore,-1
soreness,-1
sorrow,-1
sorrowful,-1
sorry,-1
sort,-1
sought,1
soul,0
sound,1
soundness,1
soup,0
sour,-1
source,0
south,0
south-america,0
south-korea,0
south-vietnam,0
southeast,0
southern,0
southerner,0
southwest,0
sovereign,0
sovereignty,0
soviet,0
space,0
spain,0
span,0
spanish,0
spank,-1
spare,1
spark,0
sparkle,1
speak,0
speaker,0
spear,-1
special,1
specialisation,0
specialist,0
specialization,0
specific,0
specifically,0
specification,0
specify,0
spectacle,0
spectacular,1
spectator,0
speculate,0
speculation,0
speculative,0
speech,0
speechless,0
speed,0
speedily,1
speedy,0
spell,0
spend,0
spent,0
spill,-1
spin,0
spinster,-1
spirit,0
spiritual,0
spit,0
spite,-1
spiteful,-1
splendid,1
splendor,1
split,-1
spoil,-1
spoke,0
spoken,0
spokesman,0
sponsor,0
spontaneous,0
sporadic,0
sport,0
spot,-1
spotless,1
sprain,-1
sprang,0
sprawl,0
spray,0
spread,0
spreader,0
sprightly,1
spring,0
sprinkle,0
sprung,0
spun,0
spur,0
sputter,-1
squad,0
squadron,0
squall,0
squander,-1
squandor,0
square,0
squarely,1
squat,0
squeeze,0
squirrel,0
stab,-1
stability,1
stabilize,1
stable,1
stadium,0
staff,0
stage,0
stagecoach,0
stagger,0
stagnant,-1
stain,-1
stair,0
stairway,0
stake,0
stale,-1
stalemate,-1
stalin,0
stall,0
stammer,-1
stamp,-1
stance,0
stand,1
standard,0
standardize,1
standpoint,0
standstill,-1
staple,1
star,0
stare,0
stark,-1
start,0
starter,0
startle,-1
starvation,-1
starve,-1
state,0
stately,1
statement,0
statesman,0
statesmen,0
static,-1
station,0
stationary,0
statistical,0
statistics,0
statuesque,1
status,0
statute,0
statutory,0
staunch,1
staunchness,1
stay,0
steadfast,1
steadfastness,1
steadily,0
steadiness,1
steady,1
steak,0
steal,-1
steam,0
steamer,0
steel,0
steep,0
steer,0
stem,0
step,0
steppes,0
stereo,0
stereotype,0
sterling,0
stern,-1
stick,-1
stiff,0
stiffly,0
stifle,-1
stigma,-1
still,0
stimulate,1
stimulation,1
stimulus,0
sting,-1
stink,-1
stipulate,0
stipulation,0
stir,0
stock,0
stockpile,0
stoicism,0
stole,-1
stolen,-1
stomach,0
stone,0
stood,1
stop,0
stopper,0
storage,0
store,0
storm,-1
stormy,-1
story,0
stove,0
straggle,-1
straggler,-1
straight,1
straightforward,1
strain,-1
strange,0
stranger,0
strangle,-1
strategic,0
strategy,0
stratum,0
straw,0
stray,-1
streak,0
stream,0
streamer,0
street,0
strength,0
strengthen,0
strenuous,0
stress,-1
stretch,0
stricken,-1
strict,-1
stride,0
strife,-1
strike,-1
string,0
stringent,-1
strip,0
strive,0
striven,0
stroke,0
strong,0
stronghold,0
strove,0
struck,-1
structural,0
structure,0
struggle,-1
strut,1
stubborn,-1
stubbornly,-1
stubbornness,-1
stuck,0
stud,1
student,0
studio,0
studious,1
study,-1
stuff,0
stuffy,-1
stumble,0
stun,0
stunt,-1
stupendous,1
stupid,-1
stupidity,-1
stupor,-1
sturdy,1
style,0
stylish,1
suave,1
subdue,0
subject,0
subjection,-1
subjective,0
subjugate,-1
subjugation,-1
sublime,1
submarine,0
submerge,0
submission,0
submissive,-1
submit,0
subordinate,0
subordination,0
subscribe,1
subscriber,0
subscription,1
subsequent,0
subservience,-1
subserviency,0
subside,-1
subsidize,1
subsidy,1
subsist,1
subsistence,1
substance,0
substantial,0
substantiate,1
substitute,0
substitution,-1
subtle,1
subtract,-1
subtraction,0
suburb,0
suburban,0
subversion,-1
subvert,-1
succeed,1
success,1
successful,1
succession,0
successive,0
successor,0
succumb,-1
such,0
sucker,-1
sudan,0
sudden,0
suffer,-1
sufferer,-1
suffice,1
sufficient,1
suffocate,-1
suffrage,0
sugar,0
suggest,0
suggestion,0
suggestive,0
suicidal,0
suicide,0
suit,1
suitable,1
suitcase,0
suite,0
sullen,-1
sultan,0
sum,0
summarize,0
summary,0
summer,0
summit,1
summon,0
sumptuous,1
sun,0
sunburn,0
sunday,0
sunder,-1
sundown,0
sung,0
sunk,0
sunken,0
sunlight,0
sunshine,0
super,1
superficial,-1
superficiality,-1
superfluous,-1
superintendent,0
superior,1
superiority,1
superlative,1
supernatural,0
superstition,-1
superstitious,-1
supervise,0
supervision,0
supper,0
supplement,0
supplementary,0
supplier,0
supply,0
support,1
supporter,0
supportive,1
suppose,0
suppress,-1
suppression,-1
supra,0
supranational,0
supremacy,0
supreme,1
sure,0
surface,0
surge,1
surgeon,0
surinam,0
surmise,1
surmount,1
surpass,1
surplus,0
surprise,0
surrender,0
surround,0
surveillance,0
survey,0
survival,1
survive,1
survivor,1
susceptible,-1
suspect,-1
suspend,-1
suspense,0
suspension,-1
suspicion,-1
suspicious,-1
sustain,0
swallow,0
swam,0
swamp,0
sway,0
swear,-1
sweat,0
sweden,0
sweep,0
sweet,1
sweeten,1
sweetheart,1
sweetness,1
swept,0
swift,0
swiftness,1
swim,0
swimmer,0
swing,0
swiss,0
switch,0
switzerland,0
swollen,0
swoon,1
sword,0
swore,-1
sworn,1
swung,0
symbol,0
symbolism,0
symbolize,1
symmetry,1
sympathetic,1
sympathise,0
sympathize,1
sympathy,1
symphonic,0
symphony,0
symptom,-1
syndicate,0
synthesis,1
synthetic,0
syria,0
syrup,0
system,0
systematic,0
systematically,0
table,0
taboo,-1
tact,1
tactic,0
tactical,0
tactics,1
tail,0
tailor,0
taint,-1
taiwan,0
take,0
taken,0
tale,0
talent,1
talented,1
talk,0
talker,0
tall,0
tamper,-1
tanganyika,0
tangible,0
tangle,0
tank,0
tantamount,0
tantrum,-1
tap,0
tardy,-1
target,0
tariff,-1
task,0
taste,1
tatter,-1
taught,0
taunt,-1
taut,0
tax,-1
taxable,0
taxation,0
taxi,0
taxpayer,0
tea,0
teach,0
teacher,0
team,0
teamster,0
tear,-1
tease,-1
technical,0
technician,0
technique,0
technological,0
technology,0
tedious,-1
teenage,0
teenager,0
teeth,0
telegram,0
telegraph,0
television,0
tell,0
teller,0
telling,0
temerity,0
temper,-1
temperance,1
temperate,1
temperature,0
tempest,-1
temple,0
temporarily,-1
temporary,0
tempt,1
temptation,-1
ten,0
tenacious,1
tenacity,1
tenant,0
tend,0
tendency,0
tender,0
tenderness,1
tennessee,0
tennis,0
tense,-1
tension,-1
tent,0
tentative,0
tenth,0
term,0
terminate,0
termination,0
terrible,-1
terrific,1
terrify,-1
territorial,0
territory,0
terror,-1
terrorism,-1
terrorize,-1
test,0
testament,0
testify,0
testimony,0
texas,0
text,0
textile,0
texture,0
thailand,0
than,0
thank,1
thankful,1
that,0
the,0
theater,0
theatre,0
thee,0
theft,-1
their,0
theirs,0
them,0
theme,0
themselves,0
then,0
thence,0
theological,0
theology,0
theoretical,0
theory,0
therapeutic,1
therapist,0
therapy,0
there,0
thereafter,0
thereby,0
therefore,0
therefrom,0
therein,0
thereof,0
thereon,0
thereto,0
thereupon,0
thermomuclear,0
these,0
they,0
thick,0
thicken,0
thickness,0
thief,-1
thieves,0
thin,0
thing,0
think,0
thinker,0
third,0
thirst,-1
thirsty,-1
thirteen,0
thirteenth,0
thirty,0
this,0
thorn,0
thorny,-1
thorough,1
those,0
thou,0
though,0
thought,0
thoughtful,1
thoughtfulness,1
thoughtless,-1
thousand,0
thousandth,0
thrash,-1
threat,-1
threaten,-1
three,0
three-dimensional,0
threshold,0
threw,0
thrift,1
thrifty,1
thrill,1
thrive,1
thriving,0
throat,0
throne,0
through,0
throughout,0
throw,-1
thrown,0
thrust,0
thud,-1
thumb,0
thunder,0
thursday,0
thus,0
thwart,-1
thy,0
thyroid,0
ticket,0
tide,0
tie,0
tiger,0
tight,0
till,0
timber,0
time,0
timer,0
timid,0
timidity,-1
tin,0
tingle,1
tiny,0
tire,-1
tired,-1
tiresome,-1
title,0
tnt,0
to,0
toast,0
tobacco,0
today,0
toe,0
together,0
togetherness,1
togo,0
toil,-1
toilet,0
told,0
tolerable,-1
tolerance,1
tolerant,1
tolerate,1
toleration,1
toll,0
tomorrow,0
ton,0
tone,0
tongue,0
tonight,0
too,-1
took,0
tooth,0
top,0
topic,0
topmost,1
topple,-1
tore,0
torment,-1
torn,0
torrent,-1
torturous,-1
tory,0
toss,0
total,0
totalitarian,0
totalitarianism,0
totem,0
touch,0
touchy,-1
tough,0
tour,0
tourist,0
toward,0
tower,0
towering,0
town,0
township,0
trace,0
track,0
tractor,0
trade,0
trader,0
tradition,1
traditional,1
traditionalist,0
traffic,0
tragedy,-1
tragic,-1
trail,0
train,1
trait,0
traitor,-1
tramp,-1
trample,-1
tranquil,1
tranquility,1
tranquillity,0
transaction,0
transcendant,0
transfer,0
transference,0
transform,0
transformation,0
transgress,-1
transit,0
transition,0
translate,0
transmit,0
transom,0
transport,0
transportation,0
trap,-1
trauma,-1
traumatic,-1
travel,1
traveler,0
traveller,0
traverse,0
tray,0
treacherous,-1
treachery,-1
treason,-1
treasonous,-1
treasure,1
treasurer,0
treasury,0
treat,1
treatise,1
treatment,0
treaty,1
tree,0
tremble,0
tremendous,1
trend,0
trespass,-1
trial,0
tribal,0
tribe,0
tribunal,0
tribute,1
trick,-1
trifle,0
trigger,0
trillion,0
trim,0
trinidad,0
trip,0
triumph,1
triumphal,1
triumphant,1
trivial,-1
troop,0
trophy,1
tropical,0
trot,0
trouble,-1
troublesome,-1
trout,0
truant,-1
truck,0
trudge,-1
TRUE,1
trumpet,0
trunk,0
trust,1
trustworthiness,1
trustworthy,1
truth,1
truthful,1
try,-1
tube,0
tuesday,0
tumble,0
tune,0
tunisia,0
tunnel,0
turbulent,-1
turkey,0
turkish,0
turmoil,-1
turn,-1
turquoise,0
turtle,0
tutelage,0
twelfth,0
twelve,0
twentieth,0
twentieth-century,0
twenty,0
twice,0
twilight,0
twin,0
twist,0
twitch,-1
two,0
tying,0
type,0
typewriter,0
typical,0
typography,0
tyrannical,0
tyranny,-1
uganda,0
ugh,0
ugly,-1
ultimate,0
ultimatum,-1
unabated,0
unable,0
unaccustomed,-1
unaltered,0
unanimity,0
unanimous,0
unarm,-1
unassured,0
unattractive,-1
unauthentic,-1
unavoidable,-1
unaware,0
unbearable,-1
unbelievable,-1
unbind,0
unbound,1
unbroken,1
unceasing,0
uncertain,0
uncertainty,0
unchanged,0
unchecked,0
uncivil,-1
uncle,0
unclean,-1
unclear,-1
uncomfortable,-1
uncommon,1
unconditional,0
unconquerable,0
unconscious,0
uncontested,0
uncouth,-1
undaunted,0
undecided,0
undefined,0
undeniable,0
undependability,-1
undependable,-1
under,0
underdeveloped,0
undergo,0
undergone,0
undergraduate,0
underground,0
undermine,-1
understand,1
understandable,1
understood,1
undertake,0
undertaken,0
undertaker,0
undertook,0
underway,0
underwent,0
underworld,-1
undesirable,-1
undetermined,0
undid,-1
undignified,-1
undisputed,0
undisturbed,0
undivided,0
undo,-1
undone,-1
undoubtably,0
undoubted,1
undoubtedly,1
undue,-1
uneasiness,-1
uneasy,-1
uneconomical,-1
unemployed,-1
unemployment,0
unequal,-1
unequivocal,0
unesco,0
uneven,-1
unexpected,0
unexpectedly,-1
unfailing,0
unfair,-1
unfaithful,-1
unfamiliar,-1
unfavorable,-1
unfavourable,0
unfeeling,-1
unfettered,0
unfinished,0
unfit,-1
unforeseen,-1
unforgettable,1
unfortunate,-1
unfriendly,-1
ungrateful,-1
unguarded,-1
unhappily,0
unhappiness,-1
unhappy,-1
unhealthy,-1
unhurried,1
unicef,0
unification,0
uniform,0
unify,0
unimpaired,0
unimpeachable,1
unimportant,-1
uninformed,-1
uninterrupted,0
union,0
unique,1
unison,0
unit,0
unite,0
united-nations,0
united-states,0
unity,1
universal,0
universe,0
university,0
unjust,-1
unjustified,-1
unkind,-1
unknown,0
unlawful,-1
unleash,0
unless,0
unlike,0
unlikelihood,0
unlikely,0
unlimited,1
unlucky,-1
unmistakable,0
unmitigated,0
unmoved,-1
unnatural,-1
unnecessary,-1
unnerve,-1
unnoticed,-1
unobserved,-1
unparalleled,0
unpleasant,-1
unpopular,-1
unprecedented,0
unpredictable,0
unprepared,0
unprofitable,-1
unprovoked,0
unqualified,-1
unquestionable,0
unquestioned,0
unreal,0
unrealistic,0
unreasonable,-1
unreliability,-1
unreliable,-1
unremitting,0
unrest,-1
unrestricted,0
unruly,-1
unsafe,-1
unsatisfactory,-1
unscrupulous,-1
unseen,-1
unselfish,1
unsettling,-1
unshaken,0
unsolve,0
unsound,-1
unsoundness,0
unspeakable,-1
unspecified,0
unstable,-1
unsteadiness,-1
unsteady,-1
unsuccessful,-1
unsuitable,0
unsure,0
unsureness,0
unsurpassable,0
until,0
untimely,-1
untiring,0
unto,0
untold,0
untouched,1
untrained,-1
untrue,-1
untrustworthy,-1
untruth,-1
unusual,0
unwaverimg,0
unwavering,0
unwilling,-1
unwillingness,-1
unwise,-1
unworthy,-1
up,0
upbeat,1
upfront,1
upgrade,1
upheaval,-1
upheld,1
uphold,1
uplift,1
upon,0
upper,0
uppermost,1
upright,1
uprising,-1
uproar,-1
uproot,-1
upset,-1
upside,1
upstairs,0
upturn,0
upward,1
uraguay,0
uranium,0
urban,0
urbanization,0
urge,0
urgency,0
urgent,0
us,0
usa,0
usable,1
use,0
useful,1
usefulness,1
useless,-1
user,0
ussr,0
usual,0
usurp,-1
utah,0
utilitarian,1
utility,0
utilization,1
utilize,1
utmost,0
utopia,0
utopian,0
utter,0
utterance,-1
utterly,0
uttermost,1
vacation,0
vacationer,0
vacillate,0
vacuum,0
vagabond,-1
vagrant,-1
vague,-1
vagueness,-1
vain,-1
vale,0
valiant,1
valid,1
validity,1
valley,0
valor,1
valuable,1
valuation,0
value,1
van,0
vanish,-1
vanity,-1
vanquish,1
vantage,0
variable,0
variation,0
variety,0
various,0
vary,0
vast,0
vastness,1
vector,0
vegetable,0
vehement,-1
vehicle,0
veil,0
vein,0
velocity,0
venerable,1
venerate,1
venezuela,0
vengeance,-1
venom,-1
venomous,-1
ventricle,0
venture,0
veranda,0
verb,0
verbal,0
verdict,0
verification,1
verify,1
veritable,1
vermont,0
versatile,1
versatility,1
verse,0
version,0
versus,0
vertical,0
very,0
vessel,0
vested,0
veteran,0
veto,-1
vex,-1
vexation,-1
vexatious,0
vexing,-1
via,0
viability,1
viable,1
vice,-1
vice-president,0
vicinity,0
vicious,-1
victim,0
victor,0
victorious,1
victory,0
vie,-1
viet,0
vietnam,0
view,0
viewer,0
viewpoint,0
vigilance,1
vigilant,1
vigor,0
vigorous,0
vigour,0
vile,-1
village,0
villager,0
villain,-1
vindicate,0
vindication,0
vindictive,0
violate,-1
violation,-1
violence,-1
violent,-1
violin,0
viper,-1
virginia,0
virtual,0
virtue,1
virtuous,1
viscosity,0
visible,0
vision,0
visionary,1
visit,0
visitor,0
visual,0
visualization,1
vital,0
vitality,1
vitamin,0
vivacious,1
vivid,1
vocabulary,0
vocational,0
voice,0
void,-1
volatile,-1
volatility,-1
volume,0
voluntarily,0
voluntary,1
volunteer,0
vomit,-1
vote,0
voter,0
vouchsafe,1
vow,0
voyage,0
vulgar,-1
vulnerability,0
vulnerable,0
vulture,0
wage,0
wagon,0
wail,-1
waist,0
wait,-1
waiter,0
wake,0
walk,0
walker,0
wall,0
wallow,-1
wallpaper,0
walnut,0
wander,0
wanderer,0
wane,-1
want,0
wanton,-1
war,-1
ward,0
wardrobe,0
warfare,-1
warlike,-1
warm,1
warmhearted,1
warmth,1
warn,0
warp,-1
warrant,0
warrior,0
wartime,0
wary,-1
was,0
wash,0
washer,0
washington,0
waste,-1
wasteful,-1
wastefulness,-1
watch,0
watchful,0
water,0
waterfront,0
waterway,0
wave,0
waver,0
wax,0
way,0
wayward,-1
we,0
weak,0
weaken,-1
weakly,0
weakness,0
wealth,0
wealthy,0
weapon,0
wear,-1
wearer,0
weariness,-1
wearisome,-1
weary,0
weather,0
wed,0
wedding,0
wednesday,0
wee,-1
weed,-1
week,0
weekend,0
weekly,0
weep,-1
weigh,0
weight,0
weird,-1
welcome,1
welfare,1
well,1
well-being,0
well-grounded,0
well-informed,0
well-known,0
wench,-1
went,0
wept,0
were,0
west,0
western,0
western-europe,0
westerner,0
westward,0
wet,0
weu,0
whack,-1
what,0
whatever,0
whatsoever,0
wheat,0
wheel,0
when,0
whenever,0
where,0
whereas,0
whereby,0
wherein,0
wherever,0
whether,0
which,0
whig,0
while,0
whim,0
whimper,-1
whimsical,1
whine,-1
whip,-1
whirl,0
whisky,0
whisper,0
whistle,0
white,0
who,0
who's,0
whoever,0
whole,0
whole-hearted,0
wholehearted,0
wholesale,0
wholesome,1
whom,0
whose,0
why,0
wicked,-1
wickedness,-1
wide,0
widen,0
widespread,0
widow,0
widower,0
width,0
wield,0
wife,0
wild,-1
wilderness,0
will,0
willful,1
willing,1
willingness,1
wilt,-1
wily,-1
win,0
wince,-1
wind,0
window,0
windshield,0
wine,0
wing,0
winner,0
winter,0
wipe,0
wire,0
wisconson,0
wisdom,1
wise,1
wish,0
wishful,0
wit,0
witch,0
witchcraft,-1
with,0
withdraw,0
withdrawn,0
withdrew,0
wither,0
withheld,-1
withhold,-1
within,0
without,0
withstand,0
witness,0
witty,1
wives,0
woe,-1
woeful,-1
woke,0
woken,0
wolf,0
woman,0
womb,0
women,0
won,0
won't,0
wonder,1
wonderful,1
wondrous,1
woo,1
wood,0
wooden,0
wool,0
word,0
wore,0
work,0
workable,1
worker,0
workingman,0
workingmen,0
workmanship,1
workmen,0
workshop,0
world,0
world-famous,1
world-wide,0
worldly,0
worn,-1
worrier,-1
worry,-1
worse,-1
worsen,-1
worship,0
worst,-1
worth,1
worth-while,1
worthiness,1
worthless,-1
worthy,1
would,0
wound,-1
wrap,0
wrath,-1
wreakage,0
wreck,-1
wrestle,-1
wretch,-1
wretchedness,-1
wrinkle,-1
wrist,0
write,0
writer,0
writhe,-1
written,0
wrong,-1
wrongful,-1
wrote,0
wrought,-1
wry,0
wyoming,0
ya,0
yankee,0
yard,0
yawn,-1
yea,0
yeah,0
year,0
yearn,-1
yell,0
yellow,0
yelp,-1
yemen,0
yes,0
yesterday,0
yet,0
yield,0
yoke,0
yonder,0
york,0
you,0
young,0
youngster,0
your,0
yours,0
yourself,0
yourselves,0
youth,0
youthful,0
yugoslavia,0
zeal,0
zealand,0
zealous,0
zen,0
zenith,1
zero,0
zest,1
zinc,0
zone,0